Label (Grouping),HOUSEHOLDS BY TYPE,HOUSEHOLDS BY TYPE!!Total households,HOUSEHOLDS BY TYPE!!Total households!!Married-couple household,HOUSEHOLDS BY TYPE!!Total households!!Married-couple household!!With children of the householder under 18 years,HOUSEHOLDS BY TYPE!!Total households!!Cohabiting couple household,HOUSEHOLDS BY TYPE!!Total households!!Cohabiting couple household!!With children of the householder under 18 years,"HOUSEHOLDS BY TYPE!!Total households!!Male householder, no spouse/partner present","HOUSEHOLDS BY TYPE!!Total households!!Male householder, no spouse/partner present!!With children of the householder under 18 years","HOUSEHOLDS BY TYPE!!Total households!!Male householder, no spouse/partner present!!Householder living alone","HOUSEHOLDS BY TYPE!!Total households!!Male householder, no spouse/partner present!!Householder living alone!!65 years and over","HOUSEHOLDS BY TYPE!!Total households!!Female householder, no spouse/partner present","HOUSEHOLDS BY TYPE!!Total households!!Female householder, no spouse/partner present!!With children of the householder under 18 years","HOUSEHOLDS BY TYPE!!Total households!!Female householder, no spouse/partner present!!Householder living alone","HOUSEHOLDS BY TYPE!!Total households!!Female householder, no spouse/partner present!!Householder living alone!!65 years and over",HOUSEHOLDS BY TYPE!!Total households!!Households with one or more people under 18 years,HOUSEHOLDS BY TYPE!!Total households!!Households with one or more people 65 years and over,HOUSEHOLDS BY TYPE!!Total households!!Average household size,HOUSEHOLDS BY TYPE!!Total households!!Average family size,RELATIONSHIP,RELATIONSHIP!!Population in households,RELATIONSHIP!!Population in households!!Householder,RELATIONSHIP!!Population in households!!Spouse,RELATIONSHIP!!Population in households!!Unmarried partner,RELATIONSHIP!!Population in households!!Child,RELATIONSHIP!!Population in households!!Other relatives,RELATIONSHIP!!Population in households!!Other nonrelatives,MARITAL STATUS,MARITAL STATUS!!Males 15 years and over,MARITAL STATUS!!Males 15 years and over!!Never married,"MARITAL STATUS!!Males 15 years and over!!Now married, except separated",MARITAL STATUS!!Males 15 years and over!!Separated,MARITAL STATUS!!Males 15 years and over!!Widowed,MARITAL STATUS!!Males 15 years and over!!Divorced,MARITAL STATUS!!Females 15 years and over,MARITAL STATUS!!Females 15 years and over!!Never married,"MARITAL STATUS!!Females 15 years and over!!Now married, except separated",MARITAL STATUS!!Females 15 years and over!!Separated,MARITAL STATUS!!Females 15 years and over!!Widowed,MARITAL STATUS!!Females 15 years and over!!Divorced,FERTILITY,FERTILITY!!Number of women 15 to 50 years old who had a birth in the past 12 months,"FERTILITY!!Number of women 15 to 50 years old who had a birth in the past 12 months!!Unmarried women (widowed, divorced, and never married)","FERTILITY!!Number of women 15 to 50 years old who had a birth in the past 12 months!!Unmarried women (widowed, divorced, and never married)!!Per 1,000 unmarried women","FERTILITY!!Number of women 15 to 50 years old who had a birth in the past 12 months!!Per 1,000 women 15 to 50 years old","FERTILITY!!Number of women 15 to 50 years old who had a birth in the past 12 months!!Per 1,000 women 15 to 19 years old","FERTILITY!!Number of women 15 to 50 years old who had a birth in the past 12 months!!Per 1,000 women 20 to 34 years old","FERTILITY!!Number of women 15 to 50 years old who had a birth in the past 12 months!!Per 1,000 women 35 to 50 years old",GRANDPARENTS,GRANDPARENTS!!Number of grandparents living with own grandchildren under 18 years,GRANDPARENTS!!Number of grandparents living with own grandchildren under 18 years!!Grandparents responsible for grandchildren,GRANDPARENTS!!Number of grandparents living with own grandchildren under 18 years!!Years responsible for grandchildren,GRANDPARENTS!!Number of grandparents living with own grandchildren under 18 years!!Years responsible for grandchildren!!Less than 1 year,GRANDPARENTS!!Number of grandparents living with own grandchildren under 18 years!!Years responsible for grandchildren!!1 or 2 years,GRANDPARENTS!!Number of grandparents living with own grandchildren under 18 years!!Years responsible for grandchildren!!3 or 4 years,GRANDPARENTS!!Number of grandparents living with own grandchildren under 18 years!!Years responsible for grandchildren!!5 or more years,GRANDPARENTS!!Number of grandparents responsible for own grandchildren under 18 years,GRANDPARENTS!!Number of grandparents responsible for own grandchildren under 18 years!!Who are female,GRANDPARENTS!!Number of grandparents responsible for own grandchildren under 18 years!!Who are married,SCHOOL ENROLLMENT,SCHOOL ENROLLMENT!!Population 3 years and over enrolled in school,"SCHOOL ENROLLMENT!!Population 3 years and over enrolled in school!!Nursery school, preschool",SCHOOL ENROLLMENT!!Population 3 years and over enrolled in school!!Kindergarten,SCHOOL ENROLLMENT!!Population 3 years and over enrolled in school!!Elementary school (grades 1-8),SCHOOL ENROLLMENT!!Population 3 years and over enrolled in school!!High school (grades 9-12),SCHOOL ENROLLMENT!!Population 3 years and over enrolled in school!!College or graduate school,EDUCATIONAL ATTAINMENT,EDUCATIONAL ATTAINMENT!!Population 25 years and over,EDUCATIONAL ATTAINMENT!!Population 25 years and over!!Less than 9th grade,"EDUCATIONAL ATTAINMENT!!Population 25 years and over!!9th to 12th grade, no diploma",EDUCATIONAL ATTAINMENT!!Population 25 years and over!!High school graduate (includes equivalency),"EDUCATIONAL ATTAINMENT!!Population 25 years and over!!Some college, no degree",EDUCATIONAL ATTAINMENT!!Population 25 years and over!!Associate's degree,EDUCATIONAL ATTAINMENT!!Population 25 years and over!!Bachelor's degree,EDUCATIONAL ATTAINMENT!!Population 25 years and over!!Graduate or professional degree,EDUCATIONAL ATTAINMENT!!Population 25 years and over!!High school graduate or higher,EDUCATIONAL ATTAINMENT!!Population 25 years and over!!Bachelor's degree or higher,VETERAN STATUS,VETERAN STATUS!!Civilian population 18 years and over,VETERAN STATUS!!Civilian population 18 years and over!!Civilian veterans,DISABILITY STATUS OF THE CIVILIAN NONINSTITUTIONALIZED POPULATION,DISABILITY STATUS OF THE CIVILIAN NONINSTITUTIONALIZED POPULATION!!Total Civilian Noninstitutionalized Population,DISABILITY STATUS OF THE CIVILIAN NONINSTITUTIONALIZED POPULATION!!Total Civilian Noninstitutionalized Population!!With a disability,DISABILITY STATUS OF THE CIVILIAN NONINSTITUTIONALIZED POPULATION!!Under 18 years,DISABILITY STATUS OF THE CIVILIAN NONINSTITUTIONALIZED POPULATION!!Under 18 years!!With a disability,DISABILITY STATUS OF THE CIVILIAN NONINSTITUTIONALIZED POPULATION!!18 to 64 years,DISABILITY STATUS OF THE CIVILIAN NONINSTITUTIONALIZED POPULATION!!18 to 64 years!!With a disability,DISABILITY STATUS OF THE CIVILIAN NONINSTITUTIONALIZED POPULATION!!65 years and over,DISABILITY STATUS OF THE CIVILIAN NONINSTITUTIONALIZED POPULATION!!65 years and over!!With a disability,RESIDENCE 1 YEAR AGO,RESIDENCE 1 YEAR AGO!!Population 1 year and over,RESIDENCE 1 YEAR AGO!!Population 1 year and over!!Same house,RESIDENCE 1 YEAR AGO!!Population 1 year and over!!Different house (in the U.S. or abroad),RESIDENCE 1 YEAR AGO!!Population 1 year and over!!Different house (in the U.S. or abroad)!!Different house in the U.S.,RESIDENCE 1 YEAR AGO!!Population 1 year and over!!Different house (in the U.S. or abroad)!!Different house in the U.S.!!Same county,RESIDENCE 1 YEAR AGO!!Population 1 year and over!!Different house (in the U.S. or abroad)!!Different house in the U.S.!!Different county,RESIDENCE 1 YEAR AGO!!Population 1 year and over!!Different house (in the U.S. or abroad)!!Different house in the U.S.!!Different county!!Same state,RESIDENCE 1 YEAR AGO!!Population 1 year and over!!Different house (in the U.S. or abroad)!!Different house in the U.S.!!Different county!!Different state,RESIDENCE 1 YEAR AGO!!Population 1 year and over!!Different house (in the U.S. or abroad)!!Abroad,PLACE OF BIRTH,PLACE OF BIRTH!!Total population,PLACE OF BIRTH!!Total population!!Native,PLACE OF BIRTH!!Total population!!Native!!Born in United States,PLACE OF BIRTH!!Total population!!Native!!Born in United States!!State of residence,PLACE OF BIRTH!!Total population!!Native!!Born in United States!!Different state,"PLACE OF BIRTH!!Total population!!Native!!Born in Puerto Rico, U.S. Island areas, or born abroad to American parent(s)",PLACE OF BIRTH!!Total population!!Foreign-born,U.S. CITIZENSHIP STATUS,U.S. CITIZENSHIP STATUS!!Foreign-born population,U.S. CITIZENSHIP STATUS!!Foreign-born population!!Naturalized U.S. citizen,U.S. CITIZENSHIP STATUS!!Foreign-born population!!Not a U.S. citizen,YEAR OF ENTRY,YEAR OF ENTRY!!Population born outside the United States,YEAR OF ENTRY!!Population born outside the United States!!Native,YEAR OF ENTRY!!Population born outside the United States!!Native!!Entered 2010 or later,YEAR OF ENTRY!!Population born outside the United States!!Native!!Entered before 2010,YEAR OF ENTRY!!Population born outside the United States!!Foreign-born,YEAR OF ENTRY!!Population born outside the United States!!Foreign-born!!Entered 2010 or later,YEAR OF ENTRY!!Population born outside the United States!!Foreign-born!!Entered before 2010,WORLD REGION OF BIRTH OF FOREIGN-BORN,"WORLD REGION OF BIRTH OF FOREIGN-BORN!!Foreign-born population, excluding population born at sea","WORLD REGION OF BIRTH OF FOREIGN-BORN!!Foreign-born population, excluding population born at sea!!Europe","WORLD REGION OF BIRTH OF FOREIGN-BORN!!Foreign-born population, excluding population born at sea!!Asia","WORLD REGION OF BIRTH OF FOREIGN-BORN!!Foreign-born population, excluding population born at sea!!Africa","WORLD REGION OF BIRTH OF FOREIGN-BORN!!Foreign-born population, excluding population born at sea!!Oceania","WORLD REGION OF BIRTH OF FOREIGN-BORN!!Foreign-born population, excluding population born at sea!!Latin America","WORLD REGION OF BIRTH OF FOREIGN-BORN!!Foreign-born population, excluding population born at sea!!Northern America",LANGUAGE SPOKEN AT HOME,LANGUAGE SPOKEN AT HOME!!Population 5 years and over,LANGUAGE SPOKEN AT HOME!!Population 5 years and over!!English only,LANGUAGE SPOKEN AT HOME!!Population 5 years and over!!Language other than English,"LANGUAGE SPOKEN AT HOME!!Population 5 years and over!!Language other than English!!Speak English less than ""very well""",LANGUAGE SPOKEN AT HOME!!Population 5 years and over!!Spanish,"LANGUAGE SPOKEN AT HOME!!Population 5 years and over!!Spanish!!Speak English less than ""very well""",LANGUAGE SPOKEN AT HOME!!Population 5 years and over!!Other Indo-European languages,"LANGUAGE SPOKEN AT HOME!!Population 5 years and over!!Other Indo-European languages!!Speak English less than ""very well""",LANGUAGE SPOKEN AT HOME!!Population 5 years and over!!Asian and Pacific Islander languages,"LANGUAGE SPOKEN AT HOME!!Population 5 years and over!!Asian and Pacific Islander languages!!Speak English less than ""very well""",LANGUAGE SPOKEN AT HOME!!Population 5 years and over!!Other languages,"LANGUAGE SPOKEN AT HOME!!Population 5 years and over!!Other languages!!Speak English less than ""very well""",ANCESTRY,ANCESTRY!!Total population,ANCESTRY!!Total population!!American,ANCESTRY!!Total population!!Arab,ANCESTRY!!Total population!!Czech,ANCESTRY!!Total population!!Danish,ANCESTRY!!Total population!!Dutch,ANCESTRY!!Total population!!English,ANCESTRY!!Total population!!French (except Basque),ANCESTRY!!Total population!!French Canadian,ANCESTRY!!Total population!!German,ANCESTRY!!Total population!!Greek,ANCESTRY!!Total population!!Hungarian,ANCESTRY!!Total population!!Irish,ANCESTRY!!Total population!!Italian,ANCESTRY!!Total population!!Lithuanian,ANCESTRY!!Total population!!Norwegian,ANCESTRY!!Total population!!Polish,ANCESTRY!!Total population!!Portuguese,ANCESTRY!!Total population!!Russian,ANCESTRY!!Total population!!Scotch-Irish,ANCESTRY!!Total population!!Scottish,ANCESTRY!!Total population!!Slovak,ANCESTRY!!Total population!!Subsaharan African,ANCESTRY!!Total population!!Swedish,ANCESTRY!!Total population!!Swiss,ANCESTRY!!Total population!!Ukrainian,ANCESTRY!!Total population!!Welsh,ANCESTRY!!Total population!!West Indian (excluding Hispanic origin groups),COMPUTERS AND INTERNET USE,COMPUTERS AND INTERNET USE!!Total households,COMPUTERS AND INTERNET USE!!Total households!!With a computer,COMPUTERS AND INTERNET USE!!Total households!!With a broadband Internet subscription
ZCTA5 89010,,,,,,,,,,,,,,,,,,,,,,,,,,,,,,,,,,,,,,,,,,,,,,,,,,,,,,,,,,,,,,,,,,,,,,,,,,,,,,,,,,,,,,,,,,,,,,,,,,,,,,,,,,,,,,,,,,,,,,,,,,,,,,,,,,,,,,,,,,,,,,,,,,,,,,,,,,,,,,,,,,,,,,,,,,,,
    Estimate,,165,96,15,0,0,38,0,38,23,31,0,18,11,15,99,2.15,2.74,,355,165,99,0,78,13,0,,158,17,98,0,0,43,170,23,120,0,7,20,,0,0,0,0,-,0,0,,0,0,,0,0,0,0,0,0,0,,45,4,6,17,0,18,,319,0,20,67,82,36,91,23,299,114,,328,64,,355,62,27,0,175,7,153,55,,355,317,38,38,13,25,0,25,0,,355,309,309,50,259,0,46,,46,16,30,,46,0,0,0,46,0,46,,46,0,0,0,0,46,0,,351,280,71,30,71,30,0,0,0,0,0,0,,355,28,0,0,10,0,94,0,0,28,14,0,40,0,0,0,0,0,26,12,27,0,0,6,0,0,0,0,,165,163,138
    Margin of Error,,±58,±45,±18,±13,±13,±28,±13,±28,±25,±23,±13,±17,±13,±18,±41,±0.44,±0.47,,±127,±58,±45,±13,±54,±13,±13,,±57,±17,±45,±13,±13,±28,±72,±25,±61,±13,±12,±17,,±13,±13,±582,±486,**,"±1,000",±531,,±13,±13,,±13,±13,±13,±13,±13,±13,±13,,±51,±6,±9,±21,±13,±30,,±110,±13,±26,±38,±39,±33,±58,±20,±100,±64,,±114,±41,,±127,±32,±28,±13,±84,±10,±62,±34,,±127,±120,±31,±31,±12,±27,±13,±27,±13,,±127,±111,±111,±38,±109,±13,±55,,±55,±18,±53,,±55,±13,±13,±13,±55,±13,±55,,±55,±13,±13,±13,±13,±55,±13,,±126,±101,±81,±53,±81,±53,±13,±13,±13,±13,±13,±13,,±127,±33,±13,±13,±12,±13,±58,±13,±13,±17,±22,±13,±28,±13,±13,±13,±13,±13,±35,±15,±33,±13,±13,±7,±13,±13,±13,±13,,±58,±58,±53
    Percent,,165,0.582,0.091,0,0,0.23,0,0.23,0.139,0.188,0,0.109,0.067,0.091,0.6,(X),(X),,355,0.465,0.279,0,0.22,0.037,0,,158,0.108,0.62,0,0,0.272,170,0.135,0.706,0,0.041,0.118,,0,-,(X),(X),(X),(X),(X),,0,-,,-,-,-,-,0,-,-,,45,0.089,0.133,0.378,0,0.4,,319,0,0.063,0.21,0.257,0.113,0.285,0.072,0.937,0.357,,328,0.195,,355,0.175,27,0,175,0.04,153,0.359,,355,0.893,0.107,0.107,0.037,0.07,0,0.07,0,,355,0.87,0.87,0.141,0.73,0,0.13,,46,0.348,0.652,,46,0,-,-,46,0,1,,46,0,0,0,0,1,0,,351,0.798,0.202,0.085,0.202,0.085,0,0,0,0,0,0,,355,0.079,0,0,0.028,0,0.265,0,0,0.079,0.039,0,0.113,0,0,0,0,0,0.073,0.034,0.076,0,0,0.017,0,0,0,0,,165,0.988,0.836
    Percent Margin of Error,,(X),±18.2,±10.0,±20.2,±20.2,±14.8,±20.2,±14.8,±14.2,±11.9,±20.2,±9.4,±7.5,±10.0,±16.5,(X),(X),,(X),±9.3,±7.3,±10.0,±10.7,±3.5,±10.0,,(X),±9.5,±16.4,±20.9,±20.9,±16.0,(X),±12.7,±20.3,±19.7,±6.9,±9.4,,(X),**,(X),(X),(X),(X),(X),,(X),**,,**,**,**,**,(X),**,**,,(X),±14.2,±21.6,±11.2,±47.5,±33.3,,(X),±11.1,±7.2,±9.6,±11.3,±9.5,±14.3,±5.5,±7.2,±14.5,,(X),±10.6,,(X),±9.7,(X),±61.3,(X),±6.6,(X),±17.5,,(X),±7.9,±7.9,±7.9,±3.7,±6.9,±10.0,±6.9,±10.0,,(X),±13.4,±13.4,±10.7,±15.8,±10.0,±13.4,,(X),±53.9,±53.9,,(X),(X),**,**,(X),±47.0,±47.0,,(X),±47.0,±47.0,±47.0,±47.0,±47.0,±47.0,,(X),±18.9,±18.9,±13.8,±18.9,±13.8,±10.1,±10.1,±10.1,±10.1,±10.1,±10.1,,(X),±8.9,±10.0,±10.0,±3.3,±10.0,±14.5,±10.0,±10.0,±5.3,±6.3,±10.0,±7.7,±10.0,±10.0,±10.0,±10.0,±10.0,±9.3,±4.1,±8.6,±10.0,±10.0,±2.0,±10.0,±10.0,±10.0,±10.0,,(X),±2.1,±14.1
ZCTA5 89019,,,,,,,,,,,,,,,,,,,,,,,,,,,,,,,,,,,,,,,,,,,,,,,,,,,,,,,,,,,,,,,,,,,,,,,,,,,,,,,,,,,,,,,,,,,,,,,,,,,,,,,,,,,,,,,,,,,,,,,,,,,,,,,,,,,,,,,,,,,,,,,,,,,,,,,,,,,,,,,,,,,,,,,,,,,,
    Estimate,,1198,535,102,12,0,417,0,397,102,234,15,121,86,120,478,1.96,2.61,,2353,1198,562,15,367,75,136,,1205,275,571,25,242,92,998,185,561,0,180,72,,0,0,0,0,0,0,0,,6,6,,0,6,0,0,6,3,6,,250,0,13,112,59,66,,1982,63,181,633,584,96,293,132,1738,425,,2129,490,,2338,467,209,0,1498,216,631,251,,2355,1958,397,397,343,54,0,54,0,,2355,2032,1986,441,1545,46,323,,323,112,211,,369,46,0,46,323,156,167,,323,23,169,65,0,66,0,,2328,1922,406,110,125,22,83,21,133,24,65,43,,2355,139,0,0,0,30,19,63,0,483,0,0,72,150,0,52,0,38,0,74,17,0,65,0,0,0,54,13,,1198,1177,1070
    Margin of Error,,±315,±148,±51,±19,±13,±280,±13,±282,±88,±109,±22,±70,±66,±54,±155,±0.34,±0.25,,±489,±315,±150,±22,±166,±108,±120,,±299,±141,±147,±34,±271,±64,±296,±146,±149,±13,±115,±54,,±13,±13,±253,±87,±517,±367,±117,,±10,±10,,±13,±10,±13,±13,±10,±5,±10,,±128,±13,±19,±58,±45,±68,,±452,±51,±112,±270,±180,±82,±293,±92,±439,±303,,±477,±151,,±486,±177,±89,±13,±418,±150,±232,±158,,±489,±473,±172,±172,±154,±50,±13,±50,±13,,±489,±462,±441,±238,±462,±75,±137,,±137,±77,±86,,±151,±75,±13,±75,±137,±104,±94,,±137,±27,±74,±103,±13,±51,±13,,±491,±449,±168,±81,±106,±27,±61,±24,±62,±34,±103,±68,,±489,±55,±13,±13,±13,±31,±30,±81,±13,±272,±13,±13,±64,±104,±13,±75,±13,±63,±13,±84,±29,±13,±103,±13,±13,±13,±55,±19,,±315,±315,±308
    Percent,,1198,0.447,0.085,0.01,0,0.348,0,0.331,0.085,0.195,0.013,0.101,0.072,0.1,0.399,(X),(X),,2353,0.509,0.239,0.006,0.156,0.032,0.058,,1205,0.228,0.474,0.021,0.201,0.076,998,0.185,0.562,0,0.18,0.072,,0,-,(X),(X),(X),(X),(X),,6,1,,0,1,0,0,6,0.5,1,,250,0,0.052,0.448,0.236,0.264,,1982,0.032,0.091,0.319,0.295,0.048,0.148,0.067,0.877,0.214,,2129,0.23,,2338,0.2,209,0,1498,0.144,631,0.398,,2355,0.831,0.169,0.169,0.146,0.023,0,0.023,0,,2355,0.863,0.843,0.187,0.656,0.02,0.137,,323,0.347,0.653,,369,46,0,1,323,0.483,0.517,,323,0.071,0.523,0.201,0,0.204,0,,2328,0.826,0.174,0.047,0.054,0.009,0.036,0.009,0.057,0.01,0.028,0.018,,2355,0.059,0,0,0,0.013,0.008,0.027,0,0.205,0,0,0.031,0.064,0,0.022,0,0.016,0,0.031,0.007,0,0.028,0,0,0,0.023,0.006,,1198,0.982,0.893
    Percent Margin of Error,,(X),±15.5,±5.2,±1.6,±3.1,±16.6,±3.1,±17.1,±7.9,±8.4,±1.7,±5.5,±5.1,±5.3,±13.8,(X),(X),,(X),±8.6,±5.2,±0.9,±6.6,±4.4,±4.7,,(X),±10.5,±13.6,±3.0,±19.8,±5.7,(X),±10.3,±13.7,±3.7,±9.6,±5.5,,(X),**,(X),(X),(X),(X),(X),,(X),±100.0,,±100.0,±100.0,±100.0,±100.0,(X),±21.7,±100.0,,(X),±13.9,±7.4,±17.3,±11.5,±21.0,,(X),±2.7,±5.5,±10.8,±8.3,±4.0,±13.7,±4.8,±6.0,±13.9,,(X),±6.4,,(X),±7.1,(X),±16.4,(X),±8.0,(X),±21.8,,(X),±7.3,±7.3,±7.3,±6.6,±2.1,±1.6,±2.1,±1.6,,(X),±5.5,±5.6,±9.9,±12.4,±3.0,±5.5,,(X),±14.5,±14.5,,(X),(X),±47.0,±47.0,(X),±22.3,±22.3,,(X),±8.6,±22.3,±26.6,±10.9,±14.9,±10.9,,(X),±6.6,±6.6,±3.2,±4.4,±1.2,±2.8,±1.0,±2.3,±1.4,±4.3,±2.8,,(X),±2.5,±1.6,±1.6,±1.6,±1.3,±1.3,±3.4,±1.6,±11.0,±1.6,±1.6,±2.9,±4.6,±1.6,±3.2,±1.6,±2.7,±1.6,±3.6,±1.3,±1.6,±4.3,±1.6,±1.6,±1.6,±2.4,±0.7,,(X),±2.8,±6.1
ZCTA5 89060,,,,,,,,,,,,,,,,,,,,,,,,,,,,,,,,,,,,,,,,,,,,,,,,,,,,,,,,,,,,,,,,,,,,,,,,,,,,,,,,,,,,,,,,,,,,,,,,,,,,,,,,,,,,,,,,,,,,,,,,,,,,,,,,,,,,,,,,,,,,,,,,,,,,,,,,,,,,,,,,,,,,,,,,,,,,
    Estimate,,5163,2486,831,301,72,1208,0,743,467,1168,80,813,425,1365,2790,2.38,2.88,,12297,5163,2364,315,2506,817,1132,,5666,1945,2655,81,404,581,5397,1208,2600,87,716,786,,129,68,60,64,157,69,13,,453,183,,92,50,8,33,183,142,183,,1613,117,26,778,563,129,,10121,377,1256,3742,3023,598,755,370,8488,1125,,10642,1667,,12305,3009,2141,235,6307,1161,3857,1613,,12707,11080,1627,1627,858,769,481,288,0,,12783,11648,11482,2900,8582,166,1135,,1135,699,436,,1301,166,109,57,1135,137,998,,1135,180,151,0,0,804,0,,12219,10386,1833,654,1435,617,245,16,139,18,14,3,,12783,458,57,56,55,463,1367,280,71,2434,11,53,1249,774,40,199,340,0,48,85,257,10,0,124,67,0,148,0,,5163,4591,4038
    Margin of Error,,±473,±400,±302,±115,±63,±270,±20,±185,±154,±235,±112,±224,±156,±303,±358,±0.18,±0.18,,"±1,206",±473,±341,±119,±514,±328,±544,,±622,±426,±371,±67,±176,±195,±526,±259,±419,±105,±229,±209,,±88,±72,±64,±43,±159,±75,±25,,±202,±93,,±60,±55,±17,±63,±93,±70,±93,,±421,±83,±35,±389,±195,±83,,±967,±190,±324,±529,±603,±163,±247,±142,±913,±298,,"±1,006",±368,,"±1,207",±593,±480,±147,±773,±379,±490,±336,,"±1,225","±1,126",±456,±456,±364,±269,±214,±172,±20,,"±1,225","±1,185","±1,176",±539,±951,±120,±367,,±367,±228,±215,,±399,±120,±108,±45,±367,±74,±371,,±367,±102,±102,±20,±20,±336,±20,,"±1,213","±1,159",±453,±382,±403,±375,±128,±25,±108,±27,±25,±12,,"±1,225",±171,±64,±64,±45,±252,±423,±153,±68,±527,±19,±44,±410,±268,±43,±189,±211,±20,±42,±86,±176,±17,±20,±101,±45,±20,±128,±20,,±473,±499,±494
    Percent,,5163,0.482,0.161,0.058,0.014,0.234,0,0.144,0.09,0.226,0.015,0.157,0.082,0.264,0.54,(X),(X),,12297,0.42,0.192,0.026,0.204,0.066,0.092,,5666,0.343,0.469,0.014,0.071,0.103,5397,0.224,0.482,0.016,0.133,0.146,,129,0.527,(X),(X),(X),(X),(X),,453,0.404,,0.203,0.11,0.018,0.073,183,0.776,1,,1613,0.073,0.016,0.482,0.349,0.08,,10121,0.037,0.124,0.37,0.299,0.059,0.075,0.037,0.839,0.111,,10642,0.157,,12305,0.245,2141,0.11,6307,0.184,3857,0.418,,12707,0.872,0.128,0.128,0.068,0.061,0.038,0.023,0,,12783,0.911,0.898,0.227,0.671,0.013,0.089,,1135,0.616,0.384,,1301,166,0.657,0.343,1135,0.121,0.879,,1135,0.159,0.133,0,0,0.708,0,,12219,0.85,0.15,0.054,0.117,0.05,0.02,0.001,0.011,0.001,0.001,0,,12783,0.036,0.004,0.004,0.004,0.036,0.107,0.022,0.006,0.19,0.001,0.004,0.098,0.061,0.003,0.016,0.027,0,0.004,0.007,0.02,0.001,0,0.01,0.005,0,0.012,0,,5163,0.889,0.782
    Percent Margin of Error,,(X),±5.8,±5.4,±2.2,±1.2,±4.7,±0.7,±3.5,±3.0,±4.4,±2.2,±4.2,±3.1,±5.0,±5.3,(X),(X),,(X),±3.2,±2.3,±1.0,±3.4,±2.5,±4.1,,(X),±6.0,±5.7,±1.2,±2.9,±3.2,(X),±4.2,±5.6,±1.9,±4.1,±3.8,,(X),±44.8,(X),(X),(X),(X),(X),,(X),±15.7,,±11.7,±12.6,±3.9,±13.0,(X),±15.5,±18.4,,(X),±4.9,±2.0,±16.0,±13.7,±4.5,,(X),±1.8,±3.2,±3.8,±4.6,±1.6,±2.4,±1.4,±3.2,±2.9,,(X),±2.9,,(X),±4.1,(X),±7.4,(X),±5.3,(X),±6.4,,(X),±3.3,±3.3,±3.3,±2.8,±2.0,±1.7,±1.3,±0.3,,(X),±2.8,±3.0,±3.4,±4.0,±0.9,±2.8,,(X),±11.2,±11.2,,(X),(X),±28.6,±28.6,(X),±7.4,±7.4,,(X),±9.2,±9.0,±3.2,±3.2,±12.1,±3.2,,(X),±3.5,±3.5,±3.0,±3.1,±3.0,±1.0,±0.2,±0.9,±0.2,±0.2,±0.1,,(X),±1.4,±0.5,±0.5,±0.3,±1.9,±3.4,±1.2,±0.5,±3.5,±0.1,±0.3,±3.1,±2.0,±0.3,±1.5,±1.7,±0.3,±0.3,±0.7,±1.3,±0.1,±0.3,±0.8,±0.4,±0.3,±1.0,±0.3,,(X),±3.7,±5.3
ZCTA5 89061,,,,,,,,,,,,,,,,,,,,,,,,,,,,,,,,,,,,,,,,,,,,,,,,,,,,,,,,,,,,,,,,,,,,,,,,,,,,,,,,,,,,,,,,,,,,,,,,,,,,,,,,,,,,,,,,,,,,,,,,,,,,,,,,,,,,,,,,,,,,,,,,,,,,,,,,,,,,,,,,,,,,,,,,,,,,
    Estimate,,3400,1932,228,281,28,589,107,450,153,598,0,316,163,452,1732,2.3,2.68,,7826,3400,1957,334,1441,638,56,,3694,872,2149,33,148,492,3382,397,2179,53,448,305,,53,0,0,55,0,122,0,,131,57,,0,0,0,57,57,36,57,,1202,55,67,602,206,272,,6784,290,603,2135,2149,634,662,311,5891,973,,6870,1037,,7835,1729,965,82,4153,900,2717,747,,7835,6885,950,903,117,786,382,404,47,,7835,7387,7048,1792,5256,339,448,,448,433,15,,787,339,220,119,448,0,448,,448,102,92,0,0,254,0,,7762,6997,765,121,509,90,116,0,140,31,0,0,,7835,368,0,0,32,18,1623,353,0,1058,0,0,829,630,17,181,195,56,45,13,71,0,0,182,3,0,111,0,,3400,3336,2968
    Margin of Error,,±339,±281,±190,±150,±43,±227,±147,±211,±110,±204,±18,±149,±83,±226,±310,±0.25,±0.29,,±966,±339,±300,±183,±512,±470,±63,,±363,±291,±295,±38,±150,±200,±467,±189,±333,±63,±196,±130,,±88,±18,±83,±92,±446,±206,±75,,±122,±89,,±18,±18,±18,±89,±89,±58,±89,,±571,±85,±105,±323,±118,±207,,±684,±164,±250,±460,±412,±236,±230,±153,±684,±286,,±690,±276,,±967,±432,±470,±147,±579,±285,±490,±311,,±967,"±1,041",±408,±421,±123,±384,±262,±294,±49,,±967,±929,±869,±521,±688,±262,±211,,±211,±202,±29,,±373,±262,±243,±106,±211,±18,±211,,±211,±71,±76,±18,±18,±213,±18,,±927,±873,±347,±92,±340,±88,±74,±18,±100,±38,±18,±18,,±967,±174,±18,±18,±41,±31,±630,±190,±18,±361,±18,±18,±328,±293,±29,±132,±135,±81,±52,±22,±57,±18,±18,±120,±8,±18,±117,±18,,±339,±342,±313
    Percent,,3400,0.568,0.067,0.083,0.008,0.173,0.031,0.132,0.045,0.176,0,0.093,0.048,0.133,0.509,(X),(X),,7826,0.434,0.25,0.043,0.184,0.082,0.007,,3694,0.236,0.582,0.009,0.04,0.133,3382,0.117,0.644,0.016,0.132,0.09,,53,0,(X),(X),(X),(X),(X),,131,0.435,,0,0,0,0.435,57,0.632,1,,1202,0.046,0.056,0.501,0.171,0.226,,6784,0.043,0.089,0.315,0.317,0.093,0.098,0.046,0.868,0.143,,6870,0.151,,7835,0.221,965,0.085,4153,0.217,2717,0.275,,7835,0.879,0.121,0.115,0.015,0.1,0.049,0.052,0.006,,7835,0.943,0.9,0.229,0.671,0.043,0.057,,448,0.967,0.033,,787,339,0.649,0.351,448,0,1,,448,0.228,0.205,0,0,0.567,0,,7762,0.901,0.099,0.016,0.066,0.012,0.015,0,0.018,0.004,0,0,,7835,0.047,0,0,0.004,0.002,0.207,0.045,0,0.135,0,0,0.106,0.08,0.002,0.023,0.025,0.007,0.006,0.002,0.009,0,0,0.023,0,0,0.014,0,,3400,0.981,0.873
    Percent Margin of Error,,(X),±6.6,±5.6,±4.3,±1.3,±6.2,±4.3,±5.9,±3.2,±5.8,±1.1,±4.2,±2.4,±6.5,±7.4,(X),(X),,(X),±4.7,±3.4,±2.4,±5.3,±5.5,±0.8,,(X),±7.0,±7.2,±1.1,±4.0,±5.3,(X),±4.9,±7.6,±1.9,±5.0,±3.7,,(X),±43.8,(X),(X),(X),(X),(X),,(X),±51.9,,±24.5,±24.5,±24.5,±51.9,(X),±16.0,±42.2,,(X),±6.6,±7.3,±12.9,±11.1,±13.8,,(X),±2.4,±3.7,±5.0,±5.5,±3.2,±3.6,±2.2,±4.5,±4.3,,(X),±4.0,,(X),±5.5,(X),±14.6,(X),±6.0,(X),±9.5,,(X),±5.4,±5.4,±5.6,±1.6,±5.1,±3.4,±3.8,±0.6,,(X),±2.6,±4.4,±5.3,±6.9,±3.2,±2.6,,(X),±6.3,±6.3,,(X),(X),±36.4,±36.4,(X),±8.0,±8.0,,(X),±17.8,±20.2,±8.0,±8.0,±29.5,±8.0,,(X),±4.2,±4.2,±1.2,±4.3,±1.1,±1.0,±0.5,±1.3,±0.5,±0.5,±0.5,,(X),±2.2,±0.5,±0.5,±0.5,±0.4,±7.5,±2.4,±0.5,±4.5,±0.5,±0.5,±3.9,±3.7,±0.4,±1.7,±1.7,±1.0,±0.7,±0.3,±0.7,±0.5,±0.5,±1.5,±0.1,±0.5,±1.4,±0.5,,(X),±1.6,±5.9
ZCTA5 89439,,,,,,,,,,,,,,,,,,,,,,,,,,,,,,,,,,,,,,,,,,,,,,,,,,,,,,,,,,,,,,,,,,,,,,,,,,,,,,,,,,,,,,,,,,,,,,,,,,,,,,,,,,,,,,,,,,,,,,,,,,,,,,,,,,,,,,,,,,,,,,,,,,,,,,,,,,,,,,,,,,,,,,,,,,,,
    Estimate,,1036,578,200,23,0,342,0,309,58,93,0,66,66,200,367,2,2.46,,2071,1036,552,23,292,63,105,,1016,275,578,14,10,139,789,84,552,0,59,94,,26,0,0,70,-,266,29,,15,0,,0,0,0,0,0,0,0,,304,20,17,117,0,150,,1757,15,66,470,386,67,402,351,1676,753,,1805,122,,2071,174,266,0,1291,92,514,82,,2052,1816,236,236,124,112,0,112,0,,2071,1941,1934,579,1355,7,130,,130,64,66,,137,7,0,7,130,20,110,,130,35,40,0,0,0,55,,1996,1933,63,20,14,0,9,0,40,20,0,0,,2071,181,18,0,47,15,376,62,15,383,15,18,311,159,9,32,54,37,50,56,64,0,0,45,0,0,34,0,,1036,922,821
    Margin of Error,,±126,±138,±77,±38,±13,±122,±13,±121,±62,±68,±13,±60,±60,±77,±116,±0.17,±0.19,,±337,±126,±131,±38,±101,±49,±77,,±148,±127,±139,±22,±15,±79,±173,±73,±130,±13,±55,±78,,±25,±13,±312,±78,**,±404,±43,,±22,±13,,±13,±13,±13,±13,±13,±13,±13,,±144,±22,±25,±61,±13,±107,,±263,±18,±81,±139,±138,±42,±148,±132,±258,±211,,±272,±72,,±337,±95,±100,±13,±271,±85,±170,±60,,±345,±360,±126,±126,±114,±84,±13,±84,±13,,±337,±329,±330,±183,±308,±10,±100,,±100,±59,±76,,±100,±10,±13,±10,±100,±33,±80,,±100,±43,±64,±13,±13,±13,±63,,±328,±324,±69,±33,±22,±13,±14,±13,±64,±33,±13,±13,,±337,±149,±24,±13,±53,±26,±151,±61,±22,±149,±22,±30,±153,±101,±14,±41,±43,±41,±44,±48,±47,±13,±13,±50,±13,±13,±37,±13,,±126,±157,±159
    Percent,,1036,0.558,0.193,0.022,0,0.33,0,0.298,0.056,0.09,0,0.064,0.064,0.193,0.354,(X),(X),,2071,0.5,0.267,0.011,0.141,0.03,0.051,,1016,0.271,0.569,0.014,0.01,0.137,789,0.106,0.7,0,0.075,0.119,,26,0,(X),(X),(X),(X),(X),,15,0,,0,0,0,0,0,-,-,,304,0.066,0.056,0.385,0,0.493,,1757,0.009,0.038,0.268,0.22,0.038,0.229,0.2,0.954,0.429,,1805,0.068,,2071,0.084,266,0,1291,0.071,514,0.16,,2052,0.885,0.115,0.115,0.06,0.055,0,0.055,0,,2071,0.937,0.934,0.28,0.654,0.003,0.063,,130,0.492,0.508,,137,7,0,1,130,0.154,0.846,,130,0.269,0.308,0,0,0,0.423,,1996,0.968,0.032,0.01,0.007,0,0.005,0,0.02,0.01,0,0,,2071,0.087,0.009,0,0.023,0.007,0.182,0.03,0.007,0.185,0.007,0.009,0.15,0.077,0.004,0.015,0.026,0.018,0.024,0.027,0.031,0,0,0.022,0,0,0.016,0,,1036,0.89,0.792
    Percent Margin of Error,,(X),±10.7,±6.6,±3.6,±3.6,±11.4,±3.6,±11.4,±6.0,±6.6,±3.6,±5.8,±5.8,±6.6,±11.4,(X),(X),,(X),±4.3,±4.2,±1.8,±3.5,±2.2,±3.5,,(X),±11.6,±11.2,±2.2,±1.5,±7.6,(X),±8.6,±12.8,±4.6,±6.7,±9.0,,(X),±62.5,(X),(X),(X),(X),(X),,(X),±82.3,,±82.3,±82.3,±82.3,±82.3,(X),**,**,,(X),±7.3,±7.7,±17.8,±11.6,±21.4,,(X),±1.0,±4.5,±8.0,±7.2,±2.3,±7.1,±6.7,±4.7,±9.0,,(X),±3.7,,(X),±4.8,(X),±13.1,(X),±6.9,(X),±10.9,,(X),±6.4,±6.4,±6.4,±5.8,±4.0,±1.8,±4.0,±1.8,,(X),±4.8,±4.8,±8.3,±8.9,±0.5,±4.8,,(X),±39.0,±39.0,,(X),(X),±100.0,±100.0,(X),±20.8,±20.8,,(X),±35.9,±39.6,±24.7,±24.7,±24.7,±43.0,,(X),±3.5,±3.5,±1.7,±1.1,±1.9,±0.7,±1.9,±3.2,±1.7,±1.9,±1.9,,(X),±7.2,±1.2,±1.8,±2.5,±1.2,±7.0,±2.8,±1.0,±6.8,±1.0,±1.4,±7.0,±4.8,±0.7,±2.0,±2.1,±2.0,±2.1,±2.3,±2.2,±1.8,±1.8,±2.4,±1.8,±1.8,±1.8,±1.8,,(X),±8.5,±11.1
ZCTA5 90001,,,,,,,,,,,,,,,,,,,,,,,,,,,,,,,,,,,,,,,,,,,,,,,,,,,,,,,,,,,,,,,,,,,,,,,,,,,,,,,,,,,,,,,,,,,,,,,,,,,,,,,,,,,,,,,,,,,,,,,,,,,,,,,,,,,,,,,,,,,,,,,,,,,,,,,,,,,,,,,,,,,,,,,,,,,,
    Estimate,,13416,5969,3034,1702,1056,2269,251,856,203,3476,957,602,262,7141,3680,4.19,4.46,,56218,13416,5880,1695,21061,12078,2088,,21726,11674,8090,484,493,985,21497,11037,7233,540,1460,1227,,841,463,46,57,20,82,46,,3465,744,,236,213,43,252,744,490,445,,16213,775,948,6982,3994,3514,,34437,11587,5813,8283,4613,1732,1865,544,17037,2409,,40335,340,,56398,6167,16063,473,35421,3292,4914,2402,,55564,52686,2878,2560,2315,245,212,33,318,,56403,33560,32914,31411,1503,646,22843,,22843,7439,15404,,23489,646,272,374,22843,3483,19360,,22843,27,183,9,0,22609,15,,52459,8621,43838,26915,43583,26807,130,52,105,56,20,0,,56403,1371,29,0,25,0,28,18,0,78,36,0,93,58,0,10,1,1,20,0,1,0,182,0,7,0,0,148,,13416,12793,11602
    Margin of Error,,±568,±438,±370,±277,±240,±323,±102,±179,±95,±399,±184,±140,±80,±582,±443,±0.13,±0.16,,"±2,916",±568,±424,±271,"±1,520","±1,427",±496,,"±1,239",±935,±585,±154,±149,±232,"±1,293",±843,±553,±145,±337,±255,,±191,±147,±14,±13,±17,±26,±21,,±557,±273,,±182,±120,±49,±167,±273,±186,±212,,"±1,126",±206,±211,±760,±443,±421,,"±1,811",±974,±626,±849,±554,±351,±306,±173,"±1,274",±360,,"±2,148",±125,,"±2,919",±616,"±1,099",±129,"±1,932",±356,±538,±411,,"±2,852","±2,840",±649,±636,±604,±119,±113,±37,±210,,"±2,919","±2,219","±2,129","±2,101",±286,±293,"±1,446",,"±1,446",±895,"±1,063",,"±1,577",±293,±176,±170,"±1,446",±660,"±1,185",,"±1,446",±32,±99,±14,±32,"±1,433",±22,,"±2,715",±953,"±2,485","±1,885","±2,487","±1,882",±95,±73,±73,±45,±25,±32,,"±2,919",±433,±34,±32,±35,±32,±29,±19,±32,±77,±58,±32,±115,±53,±32,±16,±3,±10,±28,±32,±2,±32,±98,±32,±13,±32,±32,±123,,±568,±560,±581
    Percent,,13416,0.445,0.226,0.127,0.079,0.169,0.019,0.064,0.015,0.259,0.071,0.045,0.02,0.532,0.274,(X),(X),,56218,0.239,0.105,0.03,0.375,0.215,0.037,,21726,0.537,0.372,0.022,0.023,0.045,21497,0.513,0.336,0.025,0.068,0.057,,841,0.551,(X),(X),(X),(X),(X),,3465,0.215,,0.068,0.061,0.012,0.073,744,0.659,0.598,,16213,0.048,0.058,0.431,0.246,0.217,,34437,0.336,0.169,0.241,0.134,0.05,0.054,0.016,0.495,0.07,,40335,0.008,,56398,0.109,16063,0.029,35421,0.093,4914,0.489,,55564,0.948,0.052,0.046,0.042,0.004,0.004,0.001,0.006,,56403,0.595,0.584,0.557,0.027,0.011,0.405,,22843,0.326,0.674,,23489,646,0.421,0.579,22843,0.152,0.848,,22843,0.001,0.008,0,0,0.99,0.001,,52459,0.164,0.836,0.513,0.831,0.511,0.002,0.001,0.002,0.001,0,0,,56403,0.024,0.001,0,0,0,0,0,0,0.001,0.001,0,0.002,0.001,0,0,0,0,0,0,0,0,0.003,0,0,0,0,0.003,,13416,0.954,0.865
    Percent Margin of Error,,(X),±2.6,±2.5,±2.1,±1.8,±2.4,±0.8,±1.4,±0.7,±2.5,±1.3,±1.1,±0.6,±2.9,±2.8,(X),(X),,(X),±0.8,±0.6,±0.5,±1.7,±2.1,±0.9,,(X),±2.2,±2.1,±0.7,±0.7,±1.1,(X),±2.1,±2.1,±0.7,±1.4,±1.1,,(X),±11.6,(X),(X),(X),(X),(X),,(X),±6.9,,±5.1,±3.4,±1.4,±4.6,(X),±8.9,±15.4,,(X),±1.3,±1.3,±2.9,±2.3,±2.3,,(X),±2.4,±1.5,±1.8,±1.6,±0.9,±0.9,±0.5,±2.5,±1.0,,(X),±0.3,,(X),±1.0,(X),±0.8,(X),±1.1,(X),±5.1,,(X),±1.2,±1.2,±1.2,±1.1,±0.2,±0.2,±0.1,±0.4,,(X),±1.9,±2.0,±2.0,±0.5,±0.5,±1.9,,(X),±2.9,±2.9,,(X),(X),±15.1,±15.1,(X),±2.4,±2.4,,(X),±0.1,±0.4,±0.1,±0.2,±0.5,±0.1,,(X),±1.7,±1.7,±2.6,±1.7,±2.6,±0.2,±0.1,±0.1,±0.1,±0.1,±0.1,,(X),±0.8,±0.1,±0.1,±0.1,±0.1,±0.1,±0.1,±0.1,±0.1,±0.1,±0.1,±0.2,±0.1,±0.1,±0.1,±0.1,±0.1,±0.1,±0.1,±0.1,±0.1,±0.2,±0.1,±0.1,±0.1,±0.1,±0.2,,(X),±1.2,±1.8
ZCTA5 90002,,,,,,,,,,,,,,,,,,,,,,,,,,,,,,,,,,,,,,,,,,,,,,,,,,,,,,,,,,,,,,,,,,,,,,,,,,,,,,,,,,,,,,,,,,,,,,,,,,,,,,,,,,,,,,,,,,,,,,,,,,,,,,,,,,,,,,,,,,,,,,,,,,,,,,,,,,,,,,,,,,,,,,,,,,,,
    Estimate,,13319,4693,2205,1585,991,2193,235,953,370,4848,1377,1389,636,6531,3754,3.95,4.39,,52561,13319,4674,1648,19369,11626,1925,,19616,11415,6363,531,397,910,20743,10747,6302,796,1164,1734,,827,482,49,60,0,122,16,,2928,749,,27,112,243,367,749,499,451,,16059,768,914,6979,4233,3165,,31197,8394,6205,7567,5178,1339,1905,609,16598,2514,,37558,313,,52723,7012,15165,903,32970,3910,4588,2199,,52111,48594,3517,3224,2967,257,178,79,293,,52735,33856,33467,30732,2735,389,18879,,18879,5948,12931,,19268,389,162,227,18879,2799,16080,,18879,92,495,27,0,18265,0,,49297,12304,36993,21183,36400,20837,188,145,404,201,1,0,,52735,1025,9,0,0,0,36,57,0,61,0,1,56,169,0,18,0,106,24,0,44,0,114,0,0,0,0,83,,13319,12489,11277
    Margin of Error,,±438,±428,±272,±257,±225,±341,±117,±244,±132,±480,±230,±254,±155,±409,±336,±0.15,±0.14,,"±2,431",±438,±435,±254,"±1,269","±1,342",±439,,"±1,164",±911,±596,±183,±174,±229,±997,±795,±585,±168,±290,±294,,±185,±156,±16,±13,±18,±28,±15,,±451,±216,,±37,±91,±133,±171,±216,±154,±185,,±995,±172,±197,±714,±492,±406,,"±1,518",±814,±612,±774,±545,±281,±375,±163,"±1,161",±443,,"±1,703",±118,,"±2,425",±586,"±1,032",±222,"±1,624",±440,±427,±288,,"±2,430","±2,583",±749,±729,±726,±113,±100,±61,±258,,"±2,425","±1,627","±1,567","±1,630",±438,±203,"±1,569",,"±1,569",±600,"±1,326",,"±1,622",±203,±138,±127,"±1,569",±602,"±1,340",,"±1,569",±72,±294,±45,±32,"±1,536",±32,,"±2,278","±1,228","±2,562","±1,821","±2,546","±1,811",±202,±193,±260,±145,±3,±32,,"±2,425",±361,±18,±32,±32,±32,±45,±90,±32,±70,±32,±2,±45,±179,±32,±33,±32,±133,±39,±32,±69,±32,±86,±32,±32,±32,±32,±70,,±438,±473,±522
    Percent,,13319,0.352,0.166,0.119,0.074,0.165,0.018,0.072,0.028,0.364,0.103,0.104,0.048,0.49,0.282,(X),(X),,52561,0.253,0.089,0.031,0.369,0.221,0.037,,19616,0.582,0.324,0.027,0.02,0.046,20743,0.518,0.304,0.038,0.056,0.084,,827,0.583,(X),(X),(X),(X),(X),,2928,0.256,,0.009,0.038,0.083,0.125,749,0.666,0.602,,16059,0.048,0.057,0.435,0.264,0.197,,31197,0.269,0.199,0.243,0.166,0.043,0.061,0.02,0.532,0.081,,37558,0.008,,52723,0.133,15165,0.06,32970,0.119,4588,0.479,,52111,0.933,0.067,0.062,0.057,0.005,0.003,0.002,0.006,,52735,0.642,0.635,0.583,0.052,0.007,0.358,,18879,0.315,0.685,,19268,389,0.416,0.584,18879,0.148,0.852,,18879,0.005,0.026,0.001,0,0.967,0,,49297,0.25,0.75,0.43,0.738,0.423,0.004,0.003,0.008,0.004,0,0,,52735,0.019,0,0,0,0,0.001,0.001,0,0.001,0,0,0.001,0.003,0,0,0,0.002,0,0,0.001,0,0.002,0,0,0,0,0.002,,13319,0.938,0.847
    Percent Margin of Error,,(X),±2.9,±2.0,±1.9,±1.7,±2.5,±0.9,±1.8,±1.0,±3.5,±1.7,±1.9,±1.2,±2.7,±2.5,(X),(X),,(X),±0.9,±0.7,±0.5,±1.6,±2.1,±0.8,,(X),±2.6,±2.4,±0.9,±0.9,±1.2,(X),±2.5,±2.7,±0.8,±1.3,±1.4,,(X),±11.9,(X),(X),(X),(X),(X),,(X),±6.5,,±1.3,±3.1,±4.4,±5.5,(X),±11.4,±16.5,,(X),±1.0,±1.2,±3.0,±2.7,±2.5,,(X),±2.3,±1.8,±2.3,±1.5,±0.9,±1.1,±0.5,±2.6,±1.3,,(X),±0.3,,(X),±1.2,(X),±1.5,(X),±1.4,(X),±6.7,,(X),±1.5,±1.5,±1.4,±1.4,±0.2,±0.2,±0.1,±0.5,,(X),±2.1,±2.1,±2.1,±0.9,±0.4,±2.1,,(X),±2.8,±2.8,,(X),(X),±23.3,±23.3,(X),±2.7,±2.7,,(X),±0.4,±1.5,±0.2,±0.2,±1.6,±0.2,,(X),±2.7,±2.7,±2.7,±2.9,±2.7,±0.4,±0.4,±0.5,±0.3,±0.1,±0.1,,(X),±0.7,±0.1,±0.1,±0.1,±0.1,±0.1,±0.2,±0.1,±0.1,±0.1,±0.1,±0.1,±0.3,±0.1,±0.1,±0.1,±0.3,±0.1,±0.1,±0.1,±0.1,±0.2,±0.1,±0.1,±0.1,±0.1,±0.1,,(X),±1.7,±2.3
ZCTA5 90003,,,,,,,,,,,,,,,,,,,,,,,,,,,,,,,,,,,,,,,,,,,,,,,,,,,,,,,,,,,,,,,,,,,,,,,,,,,,,,,,,,,,,,,,,,,,,,,,,,,,,,,,,,,,,,,,,,,,,,,,,,,,,,,,,,,,,,,,,,,,,,,,,,,,,,,,,,,,,,,,,,,,,,,,,,,,
    Estimate,,17634,6424,3614,1876,1169,3161,564,1445,303,6173,2086,1376,563,9542,3969,4.03,4.41,,71029,17634,6322,1867,26100,15150,3956,,25954,14343,8972,870,661,1108,27289,14241,8589,1200,1499,1760,,973,452,35,51,17,68,43,,3863,767,,203,131,153,280,767,590,404,,21563,854,1416,10072,5633,3588,,41791,11755,7719,11244,6214,1876,2294,689,22317,2983,,49142,567,,71661,8220,22531,1050,43813,4566,5317,2604,,70899,67768,3131,3053,2545,508,248,260,78,,71708,42935,42379,38304,4075,556,28773,,28773,7208,21565,,29329,556,326,230,28773,5696,23077,,28773,20,174,12,0,28554,13,,66473,16229,50244,27643,49761,27441,281,53,111,79,91,70,,71708,1368,55,0,0,8,23,13,34,74,0,0,60,106,0,44,0,0,0,0,37,0,254,14,0,0,0,915,,17634,16951,15665
    Margin of Error,,±686,±493,±376,±339,±271,±363,±179,±238,±123,±453,±336,±238,±153,±624,±402,±0.11,±0.12,,"±3,651",±686,±473,±342,"±1,723","±1,673",±770,,"±1,446","±1,076",±727,±233,±300,±247,"±1,587","±1,307",±633,±282,±309,±271,,±212,±136,±11,±11,±15,±19,±14,,±547,±304,,±159,±75,±186,±129,±304,±217,±234,,"±1,557",±239,±310,±820,±712,±503,,"±2,324","±1,184",±753,±901,±667,±356,±343,±206,"±1,435",±410,,"±2,553",±148,,"±3,692",±939,"±1,713",±307,"±2,266",±549,±809,±546,,"±3,696","±3,821",±719,±713,±652,±281,±192,±196,±58,,"±3,690","±2,416","±2,374","±2,360",±639,±221,"±2,083",,"±2,083",±827,"±1,657",,"±2,150",±221,±198,±114,"±2,083","±1,060","±1,544",,"±2,083",±30,±118,±17,±32,"±2,044",±55,,"±3,406","±1,527","±3,126","±2,221","±3,086","±2,198",±168,±48,±95,±84,±106,±104,,"±3,690",±476,±85,±32,±32,±13,±39,±21,±61,±67,±32,±32,±38,±66,±32,±62,±32,±32,±32,±32,±46,±32,±135,±22,±32,±32,±32,±438,,±686,±688,±666
    Percent,,17634,0.364,0.205,0.106,0.066,0.179,0.032,0.082,0.017,0.35,0.118,0.078,0.032,0.541,0.225,(X),(X),,71029,0.248,0.089,0.026,0.367,0.213,0.056,,25954,0.553,0.346,0.034,0.025,0.043,27289,0.522,0.315,0.044,0.055,0.064,,973,0.465,(X),(X),(X),(X),(X),,3863,0.199,,0.053,0.034,0.04,0.072,767,0.769,0.527,,21563,0.04,0.066,0.467,0.261,0.166,,41791,0.281,0.185,0.269,0.149,0.045,0.055,0.016,0.534,0.071,,49142,0.012,,71661,0.115,22531,0.047,43813,0.104,5317,0.49,,70899,0.956,0.044,0.043,0.036,0.007,0.003,0.004,0.001,,71708,0.599,0.591,0.534,0.057,0.008,0.401,,28773,0.251,0.749,,29329,556,0.586,0.414,28773,0.198,0.802,,28773,0.001,0.006,0,0,0.992,0,,66473,0.244,0.756,0.416,0.749,0.413,0.004,0.001,0.002,0.001,0.001,0.001,,71708,0.019,0.001,0,0,0,0,0,0,0.001,0,0,0.001,0.001,0,0.001,0,0,0,0,0.001,0,0.004,0,0,0,0,0.013,,17634,0.961,0.888
    Percent Margin of Error,,(X),±2.5,±1.9,±1.8,±1.5,±1.9,±1.0,±1.3,±0.7,±2.3,±1.9,±1.4,±0.9,±2.5,±2.0,(X),(X),,(X),±0.7,±0.6,±0.4,±1.7,±1.8,±1.0,,(X),±2.8,±2.2,±0.8,±1.1,±1.0,(X),±2.6,±2.1,±1.1,±1.1,±1.0,,(X),±12.3,(X),(X),(X),(X),(X),,(X),±6.5,,±4.0,±1.9,±4.6,±3.1,(X),±11.0,±17.3,,(X),±1.1,±1.3,±2.7,±2.4,±2.0,,(X),±2.0,±1.6,±1.7,±1.4,±0.8,±0.8,±0.5,±2.1,±0.9,,(X),±0.3,,(X),±1.1,(X),±1.3,(X),±1.1,(X),±5.0,,(X),±1.1,±1.1,±1.0,±1.0,±0.4,±0.3,±0.3,±0.1,,(X),±1.8,±1.8,±2.1,±0.9,±0.3,±1.8,,(X),±2.2,±2.2,,(X),(X),±19.8,±19.8,(X),±2.9,±2.9,,(X),±0.1,±0.4,±0.1,±0.1,±0.5,±0.2,,(X),±2.1,±2.1,±2.1,±2.2,±2.1,±0.3,±0.1,±0.1,±0.1,±0.2,±0.2,,(X),±0.6,±0.1,±0.1,±0.1,±0.1,±0.1,±0.1,±0.1,±0.1,±0.1,±0.1,±0.1,±0.1,±0.1,±0.1,±0.1,±0.1,±0.1,±0.1,±0.1,±0.1,±0.2,±0.1,±0.1,±0.1,±0.1,±0.6,,(X),±1.1,±1.8
ZCTA5 90004,,,,,,,,,,,,,,,,,,,,,,,,,,,,,,,,,,,,,,,,,,,,,,,,,,,,,,,,,,,,,,,,,,,,,,,,,,,,,,,,,,,,,,,,,,,,,,,,,,,,,,,,,,,,,,,,,,,,,,,,,,,,,,,,,,,,,,,,,,,,,,,,,,,,,,,,,,,,,,,,,,,,,,,,,,,,
    Estimate,,23735,7907,3285,1993,399,5893,307,3557,568,7942,1049,4528,1031,5617,5239,2.44,3.27,,57994,23735,7800,1973,14717,5838,3931,,24153,12386,9585,327,383,1472,25429,11581,9187,740,1608,2313,,510,164,15,32,4,28,44,,1239,254,,23,51,34,146,254,169,158,,12453,677,681,4946,2399,3750,,42864,6423,3153,7495,6318,2321,11822,5332,33288,17154,,47988,620,,58776,5719,10856,247,40548,3096,7372,2376,,58370,51316,7054,6611,5062,1549,422,1127,443,,58844,31203,30570,21101,9469,633,27641,,27641,12392,15249,,28274,633,170,463,27641,6460,21181,,27641,1087,11284,309,155,14561,245,,55761,19056,36705,20091,22464,13308,2521,966,11389,5672,331,145,,58844,3686,257,91,68,443,1658,799,42,1958,126,118,2234,1144,71,249,502,58,460,290,377,76,487,299,66,149,94,298,,23735,22980,21880
    Margin of Error,,±778,±494,±376,±327,±140,±580,±138,±505,±153,±635,±252,±554,±216,±479,±382,±0.07,±0.10,,"±2,140",±778,±479,±313,"±1,162",±767,±707,,"±1,092",±922,±488,±129,±215,±244,±992,±789,±541,±215,±259,±348,,±147,±93,±9,±9,±6,±14,±15,,±269,±104,,±24,±40,±37,±90,±104,±72,±89,,"±1,049",±197,±217,±666,±437,±420,,"±1,312",±623,±463,±693,±548,±314,±899,±603,"±1,254","±1,002",,"±1,588",±176,,"±2,148",±502,"±1,057",±110,"±1,580",±373,±611,±375,,"±2,126","±1,997",±987,±964,±884,±378,±173,±349,±197,,"±2,148","±1,679","±1,686","±1,567",±886,±162,"±1,280",,"±1,280",±871,"±1,058",,"±1,288",±162,±107,±128,"±1,280",±653,"±1,240",,"±1,280",±343,"±1,001",±139,±111,"±1,127",±108,,"±1,941","±1,470","±1,563","±1,157","±1,619","±1,124",±566,±315,"±1,070",±636,±172,±93,,"±2,148",±667,±117,±50,±48,±310,±428,±381,±42,±539,±80,±90,±423,±244,±49,±127,±165,±38,±201,±271,±174,±97,±271,±137,±63,±137,±66,±239,,±778,±779,±784
    Percent,,23735,0.333,0.138,0.084,0.017,0.248,0.013,0.15,0.024,0.335,0.044,0.191,0.043,0.237,0.221,(X),(X),,57994,0.409,0.134,0.034,0.254,0.101,0.068,,24153,0.513,0.397,0.014,0.016,0.061,25429,0.455,0.361,0.029,0.063,0.091,,510,0.322,(X),(X),(X),(X),(X),,1239,0.205,,0.019,0.041,0.027,0.118,254,0.665,0.622,,12453,0.054,0.055,0.397,0.193,0.301,,42864,0.15,0.074,0.175,0.147,0.054,0.276,0.124,0.777,0.4,,47988,0.013,,58776,0.097,10856,0.023,40548,0.076,7372,0.322,,58370,0.879,0.121,0.113,0.087,0.027,0.007,0.019,0.008,,58844,0.53,0.52,0.359,0.161,0.011,0.47,,27641,0.448,0.552,,28274,633,0.269,0.731,27641,0.234,0.766,,27641,0.039,0.408,0.011,0.006,0.527,0.009,,55761,0.342,0.658,0.36,0.403,0.239,0.045,0.017,0.204,0.102,0.006,0.003,,58844,0.063,0.004,0.002,0.001,0.008,0.028,0.014,0.001,0.033,0.002,0.002,0.038,0.019,0.001,0.004,0.009,0.001,0.008,0.005,0.006,0.001,0.008,0.005,0.001,0.003,0.002,0.005,,23735,0.968,0.922
    Percent Margin of Error,,(X),±1.9,±1.6,±1.3,±0.6,±2.2,±0.6,±2.0,±0.6,±2.5,±1.1,±2.2,±0.9,±2.0,±1.7,(X),(X),,(X),±1.2,±0.7,±0.5,±1.4,±1.2,±1.2,,(X),±2.5,±2.0,±0.5,±0.9,±1.0,(X),±2.1,±1.9,±0.8,±1.0,±1.4,,(X),±13.3,(X),(X),(X),(X),(X),,(X),±8.8,,±2.0,±3.4,±2.9,±7.5,(X),±10.6,±17.6,,(X),±1.4,±1.6,±3.6,±3.1,±3.2,,(X),±1.4,±1.0,±1.5,±1.2,±0.7,±2.0,±1.3,±1.7,±2.0,,(X),±0.4,,(X),±0.9,(X),±1.0,(X),±0.9,(X),±4.3,,(X),±1.6,±1.6,±1.6,±1.5,±0.6,±0.3,±0.6,±0.3,,(X),±1.7,±1.8,±2.0,±1.4,±0.3,±1.7,,(X),±2.6,±2.6,,(X),(X),±13.5,±13.5,(X),±2.3,±2.3,,(X),±1.2,±3.1,±0.5,±0.4,±3.3,±0.4,,(X),±2.1,±2.1,±1.9,±2.6,±1.9,±1.0,±0.6,±1.8,±1.1,±0.3,±0.2,,(X),±1.1,±0.2,±0.1,±0.1,±0.5,±0.7,±0.6,±0.1,±0.9,±0.1,±0.2,±0.7,±0.4,±0.1,±0.2,±0.3,±0.1,±0.3,±0.5,±0.3,±0.2,±0.5,±0.2,±0.1,±0.2,±0.1,±0.4,,(X),±0.7,±1.4
ZCTA5 90005,,,,,,,,,,,,,,,,,,,,,,,,,,,,,,,,,,,,,,,,,,,,,,,,,,,,,,,,,,,,,,,,,,,,,,,,,,,,,,,,,,,,,,,,,,,,,,,,,,,,,,,,,,,,,,,,,,,,,,,,,,,,,,,,,,,,,,,,,,,,,,,,,,,,,,,,,,,,,,,,,,,,,,,,,,,,
    Estimate,,17477,4921,1689,1466,381,4909,205,3286,409,6181,673,4290,1181,3471,3686,2.18,3.16,,38157,17477,4887,1503,8606,4027,1657,,16594,9309,5830,545,322,588,16856,8215,5298,626,1383,1334,,309,91,12,28,27,37,18,,707,101,,0,13,0,88,101,85,61,,7819,400,201,2542,1625,3051,,28568,5310,2196,5883,3139,1190,7582,3268,21062,10850,,32166,389,,38588,3353,6519,84,27262,1484,4807,1785,,38345,34217,4128,3991,2702,1289,527,762,137,,38747,18400,17930,13036,4894,470,20347,,20347,7515,12832,,20817,470,0,470,20347,4684,15663,,20347,510,9093,245,22,10409,68,,36874,9693,27181,16914,16175,10407,751,106,10102,6400,153,1,,38747,1857,178,0,42,27,511,275,22,660,29,119,847,537,13,63,197,46,221,98,115,0,510,147,11,54,36,149,,17477,16759,15614
    Margin of Error,,±638,±483,±266,±299,±192,±532,±102,±447,±122,±555,±176,±522,±278,±433,±402,±0.10,±0.14,,"±2,143",±638,±488,±308,"±1,165",±723,±426,,±942,±822,±528,±188,±170,±156,±960,±639,±516,±203,±395,±297,,±126,±53,±7,±11,±44,±21,±12,,±354,±79,,±29,±17,±29,±79,±79,±65,±60,,±747,±184,±98,±448,±335,±393,,"±1,472",±674,±428,±660,±466,±235,±701,±500,"±1,200",±830,,"±1,443",±138,,"±2,144",±420,"±1,032",±56,"±1,379",±282,±525,±286,,"±2,053","±2,109",±594,±601,±433,±449,±270,±326,±91,,"±2,147","±1,224","±1,231","±1,153",±557,±159,"±1,559",,"±1,559",±775,"±1,298",,"±1,585",±159,±29,±159,"±1,559",±718,"±1,242",,"±1,559",±179,±868,±139,±33,"±1,201",±45,,"±1,848",±891,"±1,953","±1,349","±1,726","±1,284",±195,±85,±921,±703,±102,±8,,"±2,147",±427,±118,±29,±43,±34,±216,±129,±18,±174,±27,±87,±278,±174,±15,±75,±118,±43,±104,±79,±109,±29,±250,±113,±16,±37,±53,±100,,±638,±625,±605
    Percent,,17477,0.282,0.097,0.084,0.022,0.281,0.012,0.188,0.023,0.354,0.039,0.245,0.068,0.199,0.211,(X),(X),,38157,0.458,0.128,0.039,0.226,0.106,0.043,,16594,0.561,0.351,0.033,0.019,0.035,16856,0.487,0.314,0.037,0.082,0.079,,309,0.294,(X),(X),(X),(X),(X),,707,0.143,,0,0.018,0,0.124,101,0.842,0.604,,7819,0.051,0.026,0.325,0.208,0.39,,28568,0.186,0.077,0.206,0.11,0.042,0.265,0.114,0.737,0.38,,32166,0.012,,38588,0.087,6519,0.013,27262,0.054,4807,0.371,,38345,0.892,0.108,0.104,0.07,0.034,0.014,0.02,0.004,,38747,0.475,0.463,0.336,0.126,0.012,0.525,,20347,0.369,0.631,,20817,470,0,1,20347,0.23,0.77,,20347,0.025,0.447,0.012,0.001,0.512,0.003,,36874,0.263,0.737,0.459,0.439,0.282,0.02,0.003,0.274,0.174,0.004,0,,38747,0.048,0.005,0,0.001,0.001,0.013,0.007,0.001,0.017,0.001,0.003,0.022,0.014,0,0.002,0.005,0.001,0.006,0.003,0.003,0,0.013,0.004,0,0.001,0.001,0.004,,17477,0.959,0.893
    Percent Margin of Error,,(X),±2.6,±1.5,±1.7,±1.1,±2.9,±0.6,±2.4,±0.7,±2.8,±1.0,±2.7,±1.5,±2.3,±2.1,(X),(X),,(X),±2.1,±1.0,±0.8,±2.2,±1.7,±1.1,,(X),±3.4,±2.6,±1.1,±1.0,±1.0,(X),±2.7,±2.6,±1.2,±2.2,±1.8,,(X),±14.6,(X),(X),(X),(X),(X),,(X),±12.4,,±5.8,±2.5,±5.8,±12.3,(X),±21.4,±43.2,,(X),±2.2,±1.2,±4.3,±3.7,±5.0,,(X),±2.1,±1.4,±2.0,±1.6,±0.8,±2.0,±1.7,±2.5,±2.3,,(X),±0.4,,(X),±1.1,(X),±0.9,(X),±1.1,(X),±5.1,,(X),±1.6,±1.6,±1.7,±1.2,±1.2,±0.7,±0.9,±0.2,,(X),±2.3,±2.4,±2.0,±1.6,±0.4,±2.3,,(X),±3.2,±3.2,,(X),(X),±8.6,±8.6,(X),±2.8,±2.8,,(X),±0.9,±3.3,±0.7,±0.2,±3.5,±0.2,,(X),±2.6,±2.6,±2.4,±3.3,±2.8,±0.5,±0.2,±2.2,±1.8,±0.3,±0.1,,(X),±1.1,±0.3,±0.1,±0.1,±0.1,±0.6,±0.3,±0.1,±0.5,±0.1,±0.2,±0.7,±0.5,±0.1,±0.2,±0.3,±0.1,±0.3,±0.2,±0.3,±0.1,±0.7,±0.3,±0.1,±0.1,±0.1,±0.3,,(X),±1.2,±1.8
ZCTA5 90006,,,,,,,,,,,,,,,,,,,,,,,,,,,,,,,,,,,,,,,,,,,,,,,,,,,,,,,,,,,,,,,,,,,,,,,,,,,,,,,,,,,,,,,,,,,,,,,,,,,,,,,,,,,,,,,,,,,,,,,,,,,,,,,,,,,,,,,,,,,,,,,,,,,,,,,,,,,,,,,,,,,,,,,,,,,,
    Estimate,,19268,6462,2430,1442,622,4939,228,2750,531,6425,1404,2431,903,5453,5098,2.79,3.39,,53674,19268,6386,1462,15776,7121,3661,,23360,13221,7938,545,364,1292,23357,11341,7574,616,1841,1985,,404,200,21,29,21,39,20,,1259,164,,27,31,0,106,164,117,98,,12630,487,655,4882,2854,3752,,39529,9987,4515,9510,5130,1638,6758,1991,25027,8749,,44834,483,,54554,5296,10355,224,37448,2852,6751,2220,,54858,51285,3573,3261,2718,543,244,299,312,,55192,25246,24727,21482,3245,519,29946,,29946,10034,19912,,30465,519,186,333,29946,5425,24521,,29946,201,8466,52,48,21137,42,,53154,8565,44589,27827,34684,21434,771,265,8970,6024,164,104,,55192,3196,70,5,12,44,308,160,11,527,52,50,536,408,27,62,244,12,114,24,83,10,198,97,1,38,15,214,,19268,18116,16370
    Margin of Error,,±666,±530,±362,±271,±196,±539,±117,±426,±155,±472,±250,±291,±197,±531,±420,±0.07,±0.08,,"±2,330",±666,±520,±265,"±1,180",±822,±588,,"±1,163",±954,±599,±161,±143,±253,"±1,153",±763,±576,±178,±324,±331,,±129,±95,±10,±9,±30,±17,±11,,±306,±106,,±39,±34,±32,±86,±106,±79,±85,,"±1,098",±166,±284,±555,±435,±473,,"±1,583",±904,±498,±804,±620,±286,±715,±347,"±1,205",±818,,"±1,780",±112,,"±2,332",±619,±959,±111,"±1,662",±424,±630,±395,,"±2,312","±2,395",±551,±551,±527,±173,±91,±147,±139,,"±2,330","±1,352","±1,369","±1,266",±538,±139,"±1,621",,"±1,621",±813,"±1,424",,"±1,607",±139,±79,±111,"±1,621",±681,"±1,379",,"±1,621",±95,±867,±38,±48,"±1,269",±46,,"±2,279",±892,"±2,365","±1,626","±1,950","±1,384",±289,±224,"±1,012",±730,±85,±75,,"±2,330",±581,±47,±13,±14,±43,±112,±66,±25,±170,±43,±49,±150,±138,±31,±44,±99,±19,±58,±27,±61,±16,±93,±53,±4,±31,±17,±108,,±666,±677,±697
    Percent,,19268,0.335,0.126,0.075,0.032,0.256,0.012,0.143,0.028,0.333,0.073,0.126,0.047,0.283,0.265,(X),(X),,53674,0.359,0.119,0.027,0.294,0.133,0.068,,23360,0.566,0.34,0.023,0.016,0.055,23357,0.486,0.324,0.026,0.079,0.085,,404,0.495,(X),(X),(X),(X),(X),,1259,0.13,,0.021,0.025,0,0.084,164,0.713,0.598,,12630,0.039,0.052,0.387,0.226,0.297,,39529,0.253,0.114,0.241,0.13,0.041,0.171,0.05,0.633,0.221,,44834,0.011,,54554,0.097,10355,0.022,37448,0.076,6751,0.329,,54858,0.935,0.065,0.059,0.05,0.01,0.004,0.005,0.006,,55192,0.457,0.448,0.389,0.059,0.009,0.543,,29946,0.335,0.665,,30465,519,0.358,0.642,29946,0.181,0.819,,29946,0.007,0.283,0.002,0.002,0.706,0.001,,53154,0.161,0.839,0.524,0.653,0.403,0.015,0.005,0.169,0.113,0.003,0.002,,55192,0.058,0.001,0,0,0.001,0.006,0.003,0,0.01,0.001,0.001,0.01,0.007,0,0.001,0.004,0,0.002,0,0.002,0,0.004,0.002,0,0.001,0,0.004,,19268,0.94,0.85
    Percent Margin of Error,,(X),±2.5,±1.8,±1.4,±1.0,±2.5,±0.6,±2.1,±0.8,±2.4,±1.3,±1.6,±1.0,±2.4,±2.0,(X),(X),,(X),±1.0,±0.8,±0.5,±1.4,±1.4,±1.1,,(X),±2.4,±2.2,±0.7,±0.6,±1.1,(X),±2.1,±2.1,±0.7,±1.3,±1.3,,(X),±17.9,(X),(X),(X),(X),(X),,(X),±8.0,,±3.1,±2.6,±3.3,±6.8,(X),±19.5,±28.1,,(X),±1.2,±2.1,±3.0,±2.6,±3.2,,(X),±1.8,±1.3,±1.9,±1.5,±0.7,±1.7,±0.9,±2.1,±1.9,,(X),±0.3,,(X),±1.1,(X),±1.1,(X),±1.1,(X),±4.3,,(X),±1.0,±1.0,±1.1,±1.0,±0.3,±0.2,±0.3,±0.3,,(X),±1.7,±1.7,±1.4,±1.0,±0.3,±1.7,,(X),±2.4,±2.4,,(X),(X),±12.4,±12.4,(X),±1.9,±1.9,,(X),±0.3,±2.3,±0.1,±0.2,±2.2,±0.2,,(X),±1.7,±1.7,±2.2,±1.8,±2.0,±0.5,±0.4,±1.7,±1.3,±0.2,±0.1,,(X),±1.0,±0.1,±0.1,±0.1,±0.1,±0.2,±0.1,±0.1,±0.3,±0.1,±0.1,±0.3,±0.3,±0.1,±0.1,±0.2,±0.1,±0.1,±0.1,±0.1,±0.1,±0.2,±0.1,±0.1,±0.1,±0.1,±0.2,,(X),±1.1,±2.3
ZCTA5 90007,,,,,,,,,,,,,,,,,,,,,,,,,,,,,,,,,,,,,,,,,,,,,,,,,,,,,,,,,,,,,,,,,,,,,,,,,,,,,,,,,,,,,,,,,,,,,,,,,,,,,,,,,,,,,,,,,,,,,,,,,,,,,,,,,,,,,,,,,,,,,,,,,,,,,,,,,,,,,,,,,,,,,,,,,,,,
    Estimate,,12451,2605,790,1033,438,4397,152,2063,401,4416,622,1751,481,2605,2440,2.75,3.42,,34203,12451,2572,998,7062,3428,7692,,17973,12952,3530,493,146,852,17359,12161,3216,358,728,896,,237,100,9,17,27,12,25,,889,275,,28,123,12,112,275,112,196,,19251,280,189,2092,1386,15304,,20219,4297,3126,3061,2870,1086,3536,2243,12796,5779,,34401,252,,39243,4811,4842,197,31054,3027,3347,1587,,39005,27649,11356,9493,5993,3500,1899,1601,1863,,39253,23214,22551,16847,5704,663,16039,,16039,4555,11484,,16702,663,371,292,16039,6188,9851,,16039,472,5429,351,51,9594,142,,38030,13935,24095,10868,17032,8326,2169,420,4511,1934,383,188,,39253,1294,175,22,76,212,638,213,12,1026,132,16,1078,897,31,141,309,33,224,15,141,15,652,54,56,46,52,311,,12451,11693,10054
    Margin of Error,,±577,±287,±161,±243,±143,±450,±103,±338,±178,±420,±174,±291,±115,±292,±231,±0.10,±0.14,,"±1,447",±577,±303,±228,±688,±546,±888,,"±1,104",±965,±413,±191,±99,±216,±908,±784,±361,±126,±171,±234,,±102,±70,±6,±7,±26,±8,±17,,±229,±112,,±34,±76,±18,±89,±112,±64,±104,,"±1,039",±132,±83,±369,±298,±895,,"±1,015",±503,±438,±376,±392,±296,±498,±323,±844,±559,,"±1,396",±104,,"±1,558",±506,±651,±91,"±1,346",±441,±358,±269,,"±1,545","±1,324",±883,±919,±793,±417,±339,±248,±388,,"±1,556","±1,296","±1,300","±1,139",±650,±225,"±1,011",,"±1,011",±501,±940,,"±1,022",±225,±209,±116,"±1,011",±659,±731,,"±1,011",±208,±612,±128,±47,±876,±81,,"±1,524","±1,184","±1,343",±871,"±1,335",±814,±409,±161,±544,±346,±145,±103,,"±1,556",±382,±81,±34,±50,±103,±191,±103,±26,±215,±123,±19,±247,±197,±28,±69,±121,±27,±120,±17,±74,±18,±230,±38,±58,±49,±55,±127,,±577,±552,±547
    Percent,,12451,0.209,0.063,0.083,0.035,0.353,0.012,0.166,0.032,0.355,0.05,0.141,0.039,0.209,0.196,(X),(X),,34203,0.364,0.075,0.029,0.206,0.1,0.225,,17973,0.721,0.196,0.027,0.008,0.047,17359,0.701,0.185,0.021,0.042,0.052,,237,0.422,(X),(X),(X),(X),(X),,889,0.309,,0.031,0.138,0.013,0.126,275,0.407,0.713,,19251,0.015,0.01,0.109,0.072,0.795,,20219,0.213,0.155,0.151,0.142,0.054,0.175,0.111,0.633,0.286,,34401,0.007,,39243,0.123,4842,0.041,31054,0.097,3347,0.474,,39005,0.709,0.291,0.243,0.154,0.09,0.049,0.041,0.048,,39253,0.591,0.575,0.429,0.145,0.017,0.409,,16039,0.284,0.716,,16702,663,0.56,0.44,16039,0.386,0.614,,16039,0.029,0.338,0.022,0.003,0.598,0.009,,38030,0.366,0.634,0.286,0.448,0.219,0.057,0.011,0.119,0.051,0.01,0.005,,39253,0.033,0.004,0.001,0.002,0.005,0.016,0.005,0,0.026,0.003,0,0.027,0.023,0.001,0.004,0.008,0.001,0.006,0,0.004,0,0.017,0.001,0.001,0.001,0.001,0.008,,12451,0.939,0.807
    Percent Margin of Error,,(X),±2.3,±1.3,±1.9,±1.1,±3.2,±0.8,±2.4,±1.4,±2.8,±1.4,±2.1,±0.9,±2.4,±1.7,(X),(X),,(X),±1.3,±0.8,±0.7,±1.7,±1.5,±2.4,,(X),±2.4,±2.2,±1.1,±0.6,±1.2,(X),±2.3,±1.9,±0.7,±1.0,±1.3,,(X),±23.2,(X),(X),(X),(X),(X),,(X),±9.0,,±3.7,±8.1,±2.0,±9.3,(X),±15.9,±18.9,,(X),±0.7,±0.4,±1.8,±1.4,±2.3,,(X),±2.2,±2.0,±1.7,±1.8,±1.4,±2.2,±1.6,±2.8,±2.5,,(X),±0.3,,(X),±1.3,(X),±1.9,(X),±1.4,(X),±5.8,,(X),±1.9,±1.9,±2.1,±1.8,±1.0,±0.8,±0.7,±1.0,,(X),±2.1,±2.2,±2.2,±1.6,±0.6,±2.1,,(X),±2.9,±2.9,,(X),(X),±19.4,±19.4,(X),±3.0,±3.0,,(X),±1.3,±3.5,±0.8,±0.3,±3.4,±0.5,,(X),±2.6,±2.6,±2.2,±2.8,±2.0,±1.1,±0.4,±1.4,±0.9,±0.4,±0.3,,(X),±1.0,±0.2,±0.1,±0.1,±0.3,±0.5,±0.3,±0.1,±0.5,±0.3,±0.1,±0.6,±0.5,±0.1,±0.2,±0.3,±0.1,±0.3,±0.1,±0.2,±0.1,±0.6,±0.1,±0.1,±0.1,±0.1,±0.3,,(X),±1.3,±2.4
ZCTA5 90008,,,,,,,,,,,,,,,,,,,,,,,,,,,,,,,,,,,,,,,,,,,,,,,,,,,,,,,,,,,,,,,,,,,,,,,,,,,,,,,,,,,,,,,,,,,,,,,,,,,,,,,,,,,,,,,,,,,,,,,,,,,,,,,,,,,,,,,,,,,,,,,,,,,,,,,,,,,,,,,,,,,,,,,,,,,,
    Estimate,,14740,3796,1263,705,291,3768,233,2871,911,6471,736,3913,1095,3196,4677,2.26,3.31,,33276,14740,3732,730,8520,4122,1432,,13060,6711,4521,277,502,1049,14999,7481,4216,233,1079,1990,,403,242,40,49,33,70,33,,1277,291,,62,26,52,151,291,200,80,,6342,191,459,2504,1175,2013,,24910,2141,1513,5015,6049,1917,4758,3517,21256,8275,,27247,1296,,33395,5212,6190,126,21165,2807,6040,2279,,33148,30366,2782,2771,2410,361,100,261,11,,33443,26417,26101,18638,7463,316,7026,,7026,3290,3736,,7342,316,86,230,7026,1667,5359,,7026,403,834,1128,10,4630,21,,31685,21285,10400,3668,7780,2618,988,110,806,624,826,316,,33443,1499,5,5,32,2,358,260,105,288,0,72,318,204,18,23,54,6,53,34,67,13,3773,58,0,18,17,996,,14740,14020,13125
    Margin of Error,,±843,±496,±265,±227,±138,±570,±146,±541,±254,±646,±245,±593,±210,±428,±404,±0.11,±0.14,,"±2,254",±843,±482,±235,"±1,065",±760,±486,,"±1,113",±829,±551,±143,±266,±262,"±1,056",±719,±521,±105,±256,±389,,±154,±132,±21,±17,±54,±36,±21,,±327,±168,,±64,±37,±53,±139,±168,±108,±66,,±732,±133,±163,±472,±303,±420,,"±1,633",±423,±385,±712,±718,±430,±547,±589,"±1,520",±827,,"±1,782",±310,,"±2,255",±827,±846,±95,"±1,493",±672,±587,±411,,"±2,207","±1,992",±780,±783,±770,±161,±76,±160,±16,,"±2,254","±2,046","±2,041","±1,703",±943,±143,"±1,036",,"±1,036",±621,±794,,"±1,036",±143,±73,±127,"±1,036",±627,±844,,"±1,036",±205,±370,±527,±16,±887,±23,,"±2,138","±1,785","±1,207",±668,"±1,173",±640,±466,±120,±361,±325,±403,±207,,"±2,254",±443,±11,±9,±33,±4,±167,±172,±115,±153,±29,±115,±127,±113,±28,±22,±42,±11,±61,±34,±57,±20,±994,±80,±29,±19,±19,±525,,±843,±832,±809
    Percent,,14740,0.258,0.086,0.048,0.02,0.256,0.016,0.195,0.062,0.439,0.05,0.265,0.074,0.217,0.317,(X),(X),,33276,0.443,0.112,0.022,0.256,0.124,0.043,,13060,0.514,0.346,0.021,0.038,0.08,14999,0.499,0.281,0.016,0.072,0.133,,403,0.6,(X),(X),(X),(X),(X),,1277,0.228,,0.049,0.02,0.041,0.118,291,0.687,0.275,,6342,0.03,0.072,0.395,0.185,0.317,,24910,0.086,0.061,0.201,0.243,0.077,0.191,0.141,0.853,0.332,,27247,0.048,,33395,0.156,6190,0.02,21165,0.133,6040,0.377,,33148,0.916,0.084,0.084,0.073,0.011,0.003,0.008,0,,33443,0.79,0.78,0.557,0.223,0.009,0.21,,7026,0.468,0.532,,7342,316,0.272,0.728,7026,0.237,0.763,,7026,0.057,0.119,0.161,0.001,0.659,0.003,,31685,0.672,0.328,0.116,0.246,0.083,0.031,0.003,0.025,0.02,0.026,0.01,,33443,0.045,0,0,0.001,0,0.011,0.008,0.003,0.009,0,0.002,0.01,0.006,0.001,0.001,0.002,0,0.002,0.001,0.002,0,0.113,0.002,0,0.001,0.001,0.03,,14740,0.951,0.89
    Percent Margin of Error,,(X),±3.2,±1.7,±1.5,±0.9,±3.4,±1.0,±3.4,±1.7,±3.6,±1.7,±3.6,±1.4,±2.9,±2.3,(X),(X),,(X),±2.1,±1.2,±0.7,±2.3,±2.0,±1.4,,(X),±3.5,±3.9,±1.0,±2.0,±2.0,(X),±3.3,±2.9,±0.7,±1.6,±2.4,,(X),±20.8,(X),(X),(X),(X),(X),,(X),±11.4,,±4.7,±2.9,±4.3,±10.2,(X),±16.5,±24.0,,(X),±2.1,±2.6,±5.3,±4.3,±5.4,,(X),±1.7,±1.4,±2.6,±2.3,±1.5,±2.0,±2.2,±2.2,±2.9,,(X),±1.1,,(X),±2.2,(X),±1.5,(X),±2.8,(X),±5.9,,(X),±2.2,±2.2,±2.2,±2.1,±0.5,±0.2,±0.5,±0.1,,(X),±2.8,±2.8,±3.2,±2.4,±0.4,±2.8,,(X),±6.9,±6.9,,(X),(X),±21.1,±21.1,(X),±7.5,±7.5,,(X),±2.8,±5.1,±7.0,±0.2,±8.2,±0.3,,(X),±3.2,±3.2,±1.9,±3.3,±1.9,±1.5,±0.4,±1.1,±1.0,±1.3,±0.6,,(X),±1.4,±0.1,±0.1,±0.1,±0.1,±0.5,±0.5,±0.3,±0.5,±0.1,±0.3,±0.4,±0.3,±0.1,±0.1,±0.1,±0.1,±0.2,±0.1,±0.2,±0.1,±2.8,±0.2,±0.1,±0.1,±0.1,±1.5,,(X),±1.4,±2.1
ZCTA5 90010,,,,,,,,,,,,,,,,,,,,,,,,,,,,,,,,,,,,,,,,,,,,,,,,,,,,,,,,,,,,,,,,,,,,,,,,,,,,,,,,,,,,,,,,,,,,,,,,,,,,,,,,,,,,,,,,,,,,,,,,,,,,,,,,,,,,,,,,,,,,,,,,,,,,,,,,,,,,,,,,,,,,,,,,,,,,
    Estimate,,2488,628,171,259,26,906,0,640,82,695,0,476,48,216,354,1.8,2.57,,4471,2488,626,268,460,205,424,,2229,1222,752,15,34,206,2030,1050,749,12,50,169,,58,0,0,38,0,24,69,,0,0,,0,0,0,0,0,0,0,,959,0,18,141,43,757,,3603,129,100,412,496,284,1273,909,3374,2182,,4196,127,,4478,412,282,0,3736,248,460,164,,4411,3239,1172,1123,871,252,176,76,49,,4478,1879,1822,1310,512,57,2599,,2599,1189,1410,,2656,57,0,57,2599,1009,1590,,2599,200,2146,0,0,162,91,,4394,1362,3032,1525,248,90,240,44,2526,1373,18,18,,4478,186,0,20,0,27,78,54,0,88,0,18,172,0,0,3,30,16,64,0,46,0,65,85,0,11,0,18,,2488,2442,2355
    Margin of Error,,±303,±160,±105,±140,±41,±236,±14,±207,±59,±159,±14,±152,±40,±108,±107,±0.10,±0.17,,±657,±303,±159,±148,±175,±115,±174,,±412,±322,±172,±17,±37,±136,±304,±262,±173,±18,±38,±58,,±50,±14,±40,±34,±414,±34,±85,,±14,±14,,±14,±14,±14,±14,±14,±14,±14,,±265,±14,±27,±112,±50,±246,,±517,±100,±78,±134,±158,±143,±268,±293,±499,±414,,±589,±66,,±657,±152,±143,±14,±556,±117,±139,±85,,±648,±507,±342,±335,±310,±135,±120,±68,±40,,±657,±400,±393,±366,±141,±47,±408,,±408,±322,±286,,±411,±47,±14,±47,±408,±269,±338,,±408,±122,±386,±14,±14,±107,±85,,±648,±329,±501,±387,±143,±96,±149,±41,±487,±383,±30,±30,,±657,±140,±14,±32,±14,±29,±58,±83,±14,±59,±14,±30,±131,±14,±14,±5,±39,±25,±57,±14,±56,±14,±69,±91,±14,±18,±14,±29,,±303,±301,±306
    Percent,,2488,0.252,0.069,0.104,0.01,0.364,0,0.257,0.033,0.279,0,0.191,0.019,0.087,0.142,(X),(X),,4471,0.556,0.14,0.06,0.103,0.046,0.095,,2229,0.548,0.337,0.007,0.015,0.092,2030,0.517,0.369,0.006,0.025,0.083,,58,0,(X),(X),(X),(X),(X),,0,-,,-,-,-,-,0,-,-,,959,0,0.019,0.147,0.045,0.789,,3603,0.036,0.028,0.114,0.138,0.079,0.353,0.252,0.936,0.606,,4196,0.03,,4478,0.092,282,0,3736,0.066,460,0.357,,4411,0.734,0.266,0.255,0.197,0.057,0.04,0.017,0.011,,4478,0.42,0.407,0.293,0.114,0.013,0.58,,2599,0.457,0.543,,2656,57,0,1,2599,0.388,0.612,,2599,0.077,0.826,0,0,0.062,0.035,,4394,0.31,0.69,0.347,0.056,0.02,0.055,0.01,0.575,0.312,0.004,0.004,,4478,0.042,0,0.004,0,0.006,0.017,0.012,0,0.02,0,0.004,0.038,0,0,0.001,0.007,0.004,0.014,0,0.01,0,0.015,0.019,0,0.002,0,0.004,,2488,0.982,0.947
    Percent Margin of Error,,(X),±5.7,±4.0,±5.2,±1.6,±7.7,±1.7,±7.3,±2.4,±6.7,±1.7,±6.5,±1.6,±4.0,±4.1,(X),(X),,(X),±3.2,±3.0,±3.0,±3.2,±2.5,±3.6,,(X),±8.1,±7.3,±0.8,±1.7,±5.6,(X),±8.4,±7.8,±0.9,±1.9,±2.9,,(X),±44.5,(X),(X),(X),(X),(X),,(X),**,,**,**,**,**,(X),**,**,,(X),±4.3,±2.7,±11.2,±5.0,±12.5,,(X),±2.7,±2.2,±3.3,±4.4,±4.0,±5.9,±6.3,±3.6,±5.8,,(X),±1.5,,(X),±3.2,(X),±14.0,(X),±3.0,(X),±15.5,,(X),±6.0,±6.0,±5.9,±5.9,±3.0,±2.7,±1.5,±0.9,,(X),±5.4,±5.3,±5.6,±3.2,±1.0,±5.4,,(X),±8.8,±8.8,,(X),(X),±44.9,±44.9,(X),±8.5,±8.5,,(X),±4.6,±6.9,±1.6,±1.6,±4.1,±3.2,,(X),±5.7,±5.7,±6.7,±3.3,±2.1,±3.2,±0.9,±7.3,±6.9,±0.7,±0.7,,(X),±3.1,±0.9,±0.7,±0.9,±0.7,±1.3,±1.8,±0.9,±1.3,±0.9,±0.7,±2.8,±0.9,±0.9,±0.1,±0.9,±0.6,±1.3,±0.9,±1.3,±0.9,±1.5,±1.9,±0.9,±0.4,±0.9,±0.6,,(X),±1.7,±2.6
ZCTA5 90011,,,,,,,,,,,,,,,,,,,,,,,,,,,,,,,,,,,,,,,,,,,,,,,,,,,,,,,,,,,,,,,,,,,,,,,,,,,,,,,,,,,,,,,,,,,,,,,,,,,,,,,,,,,,,,,,,,,,,,,,,,,,,,,,,,,,,,,,,,,,,,,,,,,,,,,,,,,,,,,,,,,,,,,,,,,,
    Estimate,,24156,9869,4881,3536,2434,3922,463,1643,459,6829,2352,1356,512,12948,5638,4.24,4.42,,102329,24156,9726,3654,38519,19604,6670,,40405,23036,13755,1041,651,1922,39519,21386,12524,1351,2392,1866,,1478,940,46,52,7,79,45,,5208,1277,,136,199,87,855,1277,785,826,,30409,1299,1460,12470,8853,6327,,61413,24784,10112,12618,8029,2072,2738,1060,26517,3798,,73566,527,,102636,11029,29215,1516,65901,6226,7520,3287,,101689,96376,5313,4713,4499,214,139,75,600,,102784,56161,55599,52963,2636,562,46623,,46623,12056,34567,,47185,562,299,263,46623,6499,40124,,46623,122,515,177,27,45782,0,,96122,12485,83637,48570,82564,48014,68,33,603,460,402,63,,102784,2519,10,0,47,116,56,133,0,106,0,0,256,161,20,0,22,0,1,0,15,0,289,0,0,0,22,516,,24156,22887,20007
    Margin of Error,,±841,±599,±417,±435,±342,±500,±170,±386,±207,±560,±305,±226,±142,±617,±509,±0.11,±0.09,,"±3,768",±841,±590,±474,"±2,011","±1,773","±1,004",,"±1,605","±1,230",±962,±304,±197,±383,"±1,546","±1,164",±779,±252,±409,±281,,±294,±267,±13,±10,±6,±19,±15,,±656,±301,,±101,±79,±58,±262,±301,±213,±288,,"±1,550",±288,±301,±730,±711,±604,,"±2,332","±1,433",±850,±993,±814,±364,±425,±278,"±1,676",±560,,"±2,660",±199,,"±3,765",±883,"±1,662",±371,"±2,411",±600,±644,±366,,"±3,670","±3,655",±849,±815,±817,±105,±89,±55,±242,,"±3,764","±2,775","±2,699","±2,601",±495,±229,"±2,202",,"±2,202","±1,076","±1,843",,"±2,234",±229,±171,±121,"±2,202","±1,165","±2,011",,"±2,202",±188,±286,±248,±34,"±2,182",±32,,"±3,337","±1,287","±2,956","±2,639","±2,838","±2,606",±60,±40,±337,±260,±519,±49,,"±3,764",±577,±16,±32,±69,±174,±23,±152,±32,±59,±32,±32,±194,±150,±32,±32,±27,±32,±3,±32,±18,±32,±215,±32,±32,±32,±22,±401,,±841,±834,±807
    Percent,,24156,0.409,0.202,0.146,0.101,0.162,0.019,0.068,0.019,0.283,0.097,0.056,0.021,0.536,0.233,(X),(X),,102329,0.236,0.095,0.036,0.376,0.192,0.065,,40405,0.57,0.34,0.026,0.016,0.048,39519,0.541,0.317,0.034,0.061,0.047,,1478,0.636,(X),(X),(X),(X),(X),,5208,0.245,,0.026,0.038,0.017,0.164,1277,0.615,0.647,,30409,0.043,0.048,0.41,0.291,0.208,,61413,0.404,0.165,0.205,0.131,0.034,0.045,0.017,0.432,0.062,,73566,0.007,,102636,0.107,29215,0.052,65901,0.094,7520,0.437,,101689,0.948,0.052,0.046,0.044,0.002,0.001,0.001,0.006,,102784,0.546,0.541,0.515,0.026,0.005,0.454,,46623,0.259,0.741,,47185,562,0.532,0.468,46623,0.139,0.861,,46623,0.003,0.011,0.004,0.001,0.982,0,,96122,0.13,0.87,0.505,0.859,0.5,0.001,0,0.006,0.005,0.004,0.001,,102784,0.025,0,0,0,0.001,0.001,0.001,0,0.001,0,0,0.002,0.002,0,0,0,0,0,0,0,0,0.003,0,0,0,0,0.005,,24156,0.947,0.828
    Percent Margin of Error,,(X),±2.3,±1.7,±1.7,±1.4,±1.9,±0.7,±1.5,±0.8,±2.0,±1.3,±0.9,±0.6,±2.2,±1.8,(X),(X),,(X),±0.6,±0.5,±0.4,±1.4,±1.5,±1.0,,(X),±2.1,±2.0,±0.7,±0.5,±0.9,(X),±1.5,±1.7,±0.6,±1.0,±0.7,,(X),±9.6,(X),(X),(X),(X),(X),,(X),±4.7,,±1.9,±1.5,±1.1,±4.3,(X),±10.8,±13.9,,(X),±0.9,±0.9,±1.7,±1.8,±1.6,,(X),±2.0,±1.2,±1.4,±1.2,±0.5,±0.7,±0.5,±2.0,±0.9,,(X),±0.3,,(X),±0.8,(X),±1.2,(X),±0.8,(X),±5.3,,(X),±0.8,±0.8,±0.8,±0.8,±0.1,±0.1,±0.1,±0.2,,(X),±1.6,±1.5,±1.5,±0.5,±0.2,±1.6,,(X),±1.9,±1.9,,(X),(X),±16.9,±16.9,(X),±2.3,±2.3,,(X),±0.4,±0.6,±0.5,±0.1,±0.9,±0.1,,(X),±1.2,±1.2,±2.1,±1.4,±2.1,±0.1,±0.1,±0.3,±0.3,±0.5,±0.1,,(X),±0.6,±0.1,±0.1,±0.1,±0.2,±0.1,±0.1,±0.1,±0.1,±0.1,±0.1,±0.2,±0.1,±0.1,±0.1,±0.1,±0.1,±0.1,±0.1,±0.1,±0.1,±0.2,±0.1,±0.1,±0.1,±0.1,±0.4,,(X),±0.9,±1.9
ZCTA5 90012,,,,,,,,,,,,,,,,,,,,,,,,,,,,,,,,,,,,,,,,,,,,,,,,,,,,,,,,,,,,,,,,,,,,,,,,,,,,,,,,,,,,,,,,,,,,,,,,,,,,,,,,,,,,,,,,,,,,,,,,,,,,,,,,,,,,,,,,,,,,,,,,,,,,,,,,,,,,,,,,,,,,,,,,,,,,
    Estimate,,15236,3585,867,1650,339,4468,43,3307,757,5533,333,3938,1733,1733,3981,1.9,2.81,,28906,15236,3493,1627,4368,1769,2413,,21192,12820,5321,641,305,2105,13949,6768,4189,389,1593,1010,,372,104,15,41,130,19,63,,252,69,,58,0,0,11,69,0,11,,5447,240,173,1249,838,2947,,30713,3271,3653,5705,4344,1616,7710,4414,23789,12124,,34501,737,,29067,3279,2954,92,21107,1209,5006,1978,,37190,27365,9825,9631,7301,2330,1619,711,194,,37463,21761,21207,14747,6460,554,15702,,15702,8463,7239,,16256,554,64,490,15702,4487,11215,,15702,984,10723,99,25,3821,50,,36588,15899,20689,10144,8142,2640,1591,454,10627,7002,329,48,,37463,703,302,25,30,87,820,400,66,1375,59,128,1064,993,13,241,443,89,331,30,154,61,776,196,3,305,89,336,,15236,13853,12778
    Margin of Error,,±778,±363,±146,±322,±172,±410,±35,±373,±195,±661,±156,±538,±380,±276,±469,±0.06,±0.10,,"±1,638",±778,±367,±318,±598,±505,±547,,±903,±811,±488,±194,±108,±332,"±1,164",±878,±395,±211,±357,±274,,±172,±85,±13,±18,±159,±12,±37,,±132,±78,,±77,±29,±29,±15,±78,±29,±15,,±639,±121,±108,±378,±196,±437,,"±1,517",±416,±574,±561,±499,±301,±832,±642,"±1,396","±1,075",,"±1,582",±248,,"±1,635",±490,±446,±75,"±1,422",±248,±616,±340,,"±1,703","±1,653","±1,087","±1,084","±1,088",±395,±348,±203,±113,,"±1,723","±1,203","±1,186",±963,±618,±225,"±1,230",,"±1,230","±1,017",±685,,"±1,207",±225,±43,±221,"±1,230",±754,"±1,015",,"±1,230",±324,"±1,078",±92,±41,±633,±37,,"±1,647",±999,"±1,398",±871,±885,±472,±397,±263,"±1,072",±791,±178,±59,,"±1,723",±264,±152,±34,±49,±57,±227,±176,±53,±391,±73,±90,±223,±365,±21,±131,±180,±101,±166,±31,±85,±67,±285,±87,±6,±240,±55,±152,,±778,±707,±738
    Percent,,15236,0.235,0.057,0.108,0.022,0.293,0.003,0.217,0.05,0.363,0.022,0.258,0.114,0.114,0.261,(X),(X),,28906,0.527,0.121,0.056,0.151,0.061,0.083,,21192,0.605,0.251,0.03,0.014,0.099,13949,0.485,0.3,0.028,0.114,0.072,,372,0.28,(X),(X),(X),(X),(X),,252,0.274,,0.23,0,0,0.044,69,0,0.159,,5447,0.044,0.032,0.229,0.154,0.541,,30713,0.107,0.119,0.186,0.141,0.053,0.251,0.144,0.775,0.395,,34501,0.021,,29067,0.113,2954,0.031,21107,0.057,5006,0.395,,37190,0.736,0.264,0.259,0.196,0.063,0.044,0.019,0.005,,37463,0.581,0.566,0.394,0.172,0.015,0.419,,15702,0.539,0.461,,16256,554,0.116,0.884,15702,0.286,0.714,,15702,0.063,0.683,0.006,0.002,0.243,0.003,,36588,0.435,0.565,0.277,0.223,0.072,0.043,0.012,0.29,0.191,0.009,0.001,,37463,0.019,0.008,0.001,0.001,0.002,0.022,0.011,0.002,0.037,0.002,0.003,0.028,0.027,0,0.006,0.012,0.002,0.009,0.001,0.004,0.002,0.021,0.005,0,0.008,0.002,0.009,,15236,0.909,0.839
    Percent Margin of Error,,(X),±2.2,±0.9,±2.0,±1.1,±2.9,±0.2,±2.5,±1.3,±3.4,±1.0,±2.9,±2.3,±1.8,±2.7,(X),(X),,(X),±1.6,±1.2,±1.0,±1.9,±1.7,±1.7,,(X),±2.6,±2.0,±0.9,±0.5,±1.6,(X),±3.8,±3.1,±1.4,±2.4,±1.9,,(X),±18.4,(X),(X),(X),(X),(X),,(X),±27.3,,±27.8,±15.5,±15.5,±6.4,(X),±40.8,±33.0,,(X),±2.2,±1.9,±5.8,±3.6,±5.9,,(X),±1.3,±1.8,±1.7,±1.6,±1.0,±2.2,±1.9,±2.2,±2.4,,(X),±0.7,,(X),±1.8,(X),±2.5,(X),±1.3,(X),±5.4,,(X),±2.7,±2.7,±2.7,±2.8,±1.0,±0.9,±0.5,±0.3,,(X),±2.3,±2.2,±2.1,±1.5,±0.6,±2.3,,(X),±3.8,±3.8,,(X),(X),±9.1,±9.1,(X),±4.0,±4.0,,(X),±1.9,±4.2,±0.6,±0.3,±3.7,±0.2,,(X),±2.4,±2.4,±2.0,±2.2,±1.3,±1.1,±0.7,±2.4,±1.9,±0.5,±0.2,,(X),±0.7,±0.4,±0.1,±0.1,±0.2,±0.6,±0.5,±0.1,±1.0,±0.2,±0.2,±0.6,±0.9,±0.1,±0.3,±0.5,±0.3,±0.4,±0.1,±0.2,±0.2,±0.8,±0.2,±0.1,±0.6,±0.1,±0.4,,(X),±2.1,±2.8
ZCTA5 90013,,,,,,,,,,,,,,,,,,,,,,,,,,,,,,,,,,,,,,,,,,,,,,,,,,,,,,,,,,,,,,,,,,,,,,,,,,,,,,,,,,,,,,,,,,,,,,,,,,,,,,,,,,,,,,,,,,,,,,,,,,,,,,,,,,,,,,,,,,,,,,,,,,,,,,,,,,,,,,,,,,,,,,,,,,,,
    Estimate,,8399,973,124,610,21,4159,65,3745,547,2657,0,2456,866,221,1673,1.34,2.39,,11274,8399,959,692,605,120,499,,8598,5621,1427,542,229,779,5987,3181,1103,134,549,1020,,137,126,43,36,0,45,21,,50,23,,23,0,0,0,23,23,0,,1146,0,70,155,76,845,,13755,639,1484,2800,2931,605,3355,1941,11632,5296,,14433,834,,14796,4318,366,0,12259,3344,2171,974,,14891,9904,4987,4907,3876,1031,439,592,80,,14891,11349,11147,7293,3854,202,3542,,3542,1799,1743,,3744,202,13,189,3542,795,2747,,3542,290,1948,127,43,1086,48,,14797,9659,5138,2009,2000,536,773,93,2196,1371,169,9,,14891,393,119,0,29,46,637,480,114,1105,161,24,1040,700,33,96,155,72,160,154,89,39,486,28,0,47,78,134,,8399,7361,6535
    Margin of Error,,±707,±253,±108,±218,±36,±663,±70,±634,±198,±456,±21,±451,±288,±127,±321,±0.07,±0.25,,"±1,134",±707,±257,±274,±359,±89,±202,,±881,±688,±378,±222,±128,±277,±734,±549,±275,±98,±213,±302,,±155,±141,±46,±40,±438,±57,±36,,±70,±39,,±39,±21,±21,±21,±39,±39,±21,,±282,±21,±80,±119,±78,±255,,"±1,119",±266,±385,±624,±533,±210,±539,±423,"±1,092",±796,,"±1,077",±343,,"±1,152",±825,±201,±21,"±1,053",±742,±394,±285,,"±1,166","±1,011",±802,±795,±660,±396,±206,±307,±68,,"±1,166","±1,086","±1,093",±902,±542,±114,±552,,±552,±385,±442,,±575,±114,±21,±108,±552,±278,±500,,±552,±146,±447,±115,±48,±316,±64,,"±1,186",±921,±699,±412,±589,±216,±297,±101,±435,±349,±107,±33,,"±1,166",±223,±75,±21,±33,±46,±265,±234,±133,±360,±114,±38,±339,±325,±40,±90,±118,±81,±111,±130,±62,±38,±233,±32,±21,±46,±90,±96,,±707,±653,±602
    Percent,,8399,0.116,0.015,0.073,0.003,0.495,0.008,0.446,0.065,0.316,0,0.292,0.103,0.026,0.199,(X),(X),,11274,0.745,0.085,0.061,0.054,0.011,0.044,,8598,0.654,0.166,0.063,0.027,0.091,5987,0.531,0.184,0.022,0.092,0.17,,137,0.92,(X),(X),(X),(X),(X),,50,0.46,,0.46,0,0,0,23,1,0,,1146,0,0.061,0.135,0.066,0.737,,13755,0.046,0.108,0.204,0.213,0.044,0.244,0.141,0.846,0.385,,14433,0.058,,14796,0.292,366,0,12259,0.273,2171,0.449,,14891,0.665,0.335,0.33,0.26,0.069,0.029,0.04,0.005,,14891,0.762,0.749,0.49,0.259,0.014,0.238,,3542,0.508,0.492,,3744,202,0.064,0.936,3542,0.224,0.776,,3542,0.082,0.55,0.036,0.012,0.307,0.014,,14797,0.653,0.347,0.136,0.135,0.036,0.052,0.006,0.148,0.093,0.011,0.001,,14891,0.026,0.008,0,0.002,0.003,0.043,0.032,0.008,0.074,0.011,0.002,0.07,0.047,0.002,0.006,0.01,0.005,0.011,0.01,0.006,0.003,0.033,0.002,0,0.003,0.005,0.009,,8399,0.876,0.778
    Percent Margin of Error,,(X),±3.1,±1.3,±2.5,±0.4,±6.0,±0.8,±6.0,±2.3,±5.1,±0.5,±5.0,±3.2,±1.5,±3.5,(X),(X),,(X),±4.0,±2.1,±2.2,±2.9,±0.8,±1.7,,(X),±5.0,±4.2,±2.4,±1.5,±3.0,(X),±5.2,±4.3,±1.6,±3.4,±4.7,,(X),±18.0,(X),(X),(X),(X),(X),,(X),±54.0,,±54.0,±48.0,±48.0,±48.0,(X),±70.7,±70.7,,(X),±3.6,±7.2,±9.7,±6.4,±14.2,,(X),±1.9,±2.6,±4.5,±3.2,±1.6,±2.8,±2.9,±3.8,±4.3,,(X),±2.4,,(X),±5.0,(X),±11.0,(X),±5.4,(X),±9.6,,(X),±4.6,±4.6,±4.5,±3.9,±2.6,±1.3,±2.0,±0.5,,(X),±3.5,±3.6,±3.9,±3.3,±0.8,±3.5,,(X),±8.8,±8.8,,(X),(X),±10.1,±10.1,(X),±7.1,±7.1,,(X),±4.1,±7.7,±3.4,±1.4,±7.6,±1.8,,(X),±3.7,±3.7,±2.5,±3.6,±1.4,±2.0,±0.7,±2.8,±2.2,±0.8,±0.2,,(X),±1.4,±0.5,±0.3,±0.2,±0.3,±1.7,±1.6,±0.9,±2.4,±0.8,±0.3,±2.2,±2.1,±0.3,±0.6,±0.8,±0.5,±0.7,±0.9,±0.4,±0.3,±1.6,±0.2,±0.3,±0.3,±0.6,±0.7,,(X),±3.9,±4.5
ZCTA5 90014,,,,,,,,,,,,,,,,,,,,,,,,,,,,,,,,,,,,,,,,,,,,,,,,,,,,,,,,,,,,,,,,,,,,,,,,,,,,,,,,,,,,,,,,,,,,,,,,,,,,,,,,,,,,,,,,,,,,,,,,,,,,,,,,,,,,,,,,,,,,,,,,,,,,,,,,,,,,,,,,,,,,,,,,,,,,
    Estimate,,6450,795,166,660,51,2943,0,2860,654,2052,114,1776,741,331,1585,1.39,2.47,,8945,6450,849,656,693,56,241,,5099,3016,1082,332,65,604,3921,2145,772,193,431,380,,67,10,5,25,0,39,2,,9,0,,0,0,0,0,0,0,0,,899,0,61,131,47,660,,8486,417,777,1475,1600,550,2295,1372,7292,3667,,9007,396,,9540,2085,533,0,7327,1144,1680,941,,9474,6767,2707,2619,1830,789,299,490,88,,9540,6751,6473,3369,3104,278,2789,,2789,1702,1087,,3067,278,170,108,2789,589,2200,,2789,301,1792,56,30,591,19,,9212,5945,3267,1490,1326,307,341,38,1529,1145,71,0,,9540,159,85,35,9,70,315,335,45,714,23,21,469,280,0,106,157,18,173,45,32,0,344,78,34,12,37,184,,6450,5417,4816
    Margin of Error,,±565,±324,±135,±277,±56,±466,±19,±454,±197,±397,±125,±377,±240,±198,±341,±0.08,±0.23,,±975,±565,±365,±273,±361,±48,±138,,±664,±520,±407,±215,±54,±200,±575,±516,±330,±172,±231,±188,,±113,±24,±12,±42,±457,±68,±7,,±19,±19,,±19,±19,±19,±19,±19,±19,±19,,±274,±19,±91,±93,±59,±202,,±904,±253,±392,±401,±366,±260,±512,±354,±792,±665,,±934,±258,,"±1,002",±435,±357,±19,±850,±285,±375,±300,,±993,±872,±513,±516,±385,±353,±172,±289,±67,,"±1,002",±774,±787,±657,±564,±233,±593,,±593,±383,±450,,±725,±233,±216,±101,±593,±263,±528,,±593,±143,±499,±76,±33,±323,±20,,±974,±699,±832,±496,±569,±178,±165,±53,±461,±427,±76,±19,,"±1,002",±120,±86,±34,±13,±75,±148,±381,±38,±286,±29,±38,±169,±118,±19,±77,±125,±19,±124,±32,±39,±19,±154,±96,±39,±19,±45,±122,,±565,±518,±463
    Percent,,6450,0.123,0.026,0.102,0.008,0.456,0,0.443,0.101,0.318,0.018,0.275,0.115,0.051,0.246,(X),(X),,8945,0.721,0.095,0.073,0.077,0.006,0.027,,5099,0.591,0.212,0.065,0.013,0.118,3921,0.547,0.197,0.049,0.11,0.097,,67,0.149,(X),(X),(X),(X),(X),,9,0,,0,0,0,0,0,-,-,,899,0,0.068,0.146,0.052,0.734,,8486,0.049,0.092,0.174,0.189,0.065,0.27,0.162,0.859,0.432,,9007,0.044,,9540,0.219,533,0,7327,0.156,1680,0.56,,9474,0.714,0.286,0.276,0.193,0.083,0.032,0.052,0.009,,9540,0.708,0.679,0.353,0.325,0.029,0.292,,2789,0.61,0.39,,3067,278,0.612,0.388,2789,0.211,0.789,,2789,0.108,0.643,0.02,0.011,0.212,0.007,,9212,0.645,0.355,0.162,0.144,0.033,0.037,0.004,0.166,0.124,0.008,0,,9540,0.017,0.009,0.004,0.001,0.007,0.033,0.035,0.005,0.075,0.002,0.002,0.049,0.029,0,0.011,0.016,0.002,0.018,0.005,0.003,0,0.036,0.008,0.004,0.001,0.004,0.019,,6450,0.84,0.747
    Percent Margin of Error,,(X),±4.8,±2.0,±4.2,±0.9,±6.1,±0.7,±5.9,±3.1,±5.9,±2.0,±5.6,±3.5,±3.1,±4.7,(X),(X),,(X),±4.1,±3.6,±2.8,±3.7,±0.5,±1.6,,(X),±6.9,±6.9,±4.2,±1.1,±4.1,(X),±9.1,±7.8,±4.5,±5.7,±4.7,,(X),±25.5,(X),(X),(X),(X),(X),,(X),±100.0,,±100.0,±100.0,±100.0,±100.0,(X),**,**,,(X),±4.6,±9.5,±9.1,±6.3,±15.1,,(X),±3.0,±4.2,±4.6,±4.3,±3.0,±5.2,±3.7,±4.8,±6.1,,(X),±2.9,,(X),±4.5,(X),±7.7,(X),±3.7,(X),±14.1,,(X),±4.8,±4.8,±4.9,±3.9,±3.6,±1.8,±3.0,±0.7,,(X),±4.8,±6.0,±5.9,±5.6,±2.4,±4.8,,(X),±11.1,±11.1,,(X),(X),±44.5,±44.5,(X),±8.3,±8.3,,(X),±5.4,±11.2,±2.8,±1.2,±9.5,±0.7,,(X),±6.9,±6.9,±4.6,±5.3,±1.8,±1.8,±0.6,±4.5,±4.1,±0.8,±0.5,,(X),±1.2,±0.9,±0.4,±0.1,±0.8,±1.6,±4.0,±0.4,±3.0,±0.3,±0.4,±1.7,±1.2,±0.4,±0.8,±1.3,±0.2,±1.3,±0.3,±0.4,±0.4,±1.6,±1.0,±0.4,±0.2,±0.5,±1.3,,(X),±4.8,±5.9
ZCTA5 90015,,,,,,,,,,,,,,,,,,,,,,,,,,,,,,,,,,,,,,,,,,,,,,,,,,,,,,,,,,,,,,,,,,,,,,,,,,,,,,,,,,,,,,,,,,,,,,,,,,,,,,,,,,,,,,,,,,,,,,,,,,,,,,,,,,,,,,,,,,,,,,,,,,,,,,,,,,,,,,,,,,,,,,,,,,,,
    Estimate,,13180,3075,891,1489,303,5001,84,4187,306,3615,329,2406,541,1803,1852,1.89,2.92,,24917,13180,3065,1491,4414,1519,1248,,12228,7503,3740,153,28,804,10151,5126,3393,193,603,836,,321,48,9,42,40,48,30,,406,106,,9,24,0,73,106,76,66,,6100,213,145,1660,684,3398,,18769,2577,1448,2503,2226,1038,5769,3208,14744,8977,,21941,401,,25249,2692,3316,77,19474,1704,2459,911,,24901,19680,5221,4700,2885,1815,730,1085,521,,25257,14104,13633,9235,4398,471,11153,,11153,4174,6979,,11624,471,153,318,11153,3274,7879,,11153,727,4766,23,36,5474,127,,24407,8311,16096,7078,9668,4414,988,88,5192,2563,248,13,,25257,1652,213,48,60,576,529,107,1,869,283,56,557,255,0,70,170,75,340,44,100,0,123,77,0,135,88,73,,13180,12616,11396
    Margin of Error,,±716,±494,±213,±372,±184,±687,±68,±598,±150,±600,±146,±508,±199,±312,±274,±0.08,±0.15,,"±1,778",±716,±503,±374,±735,±402,±446,,"±1,165","±1,021",±544,±92,±30,±270,±869,±784,±481,±77,±179,±231,,±100,±58,±11,±15,±58,±14,±35,,±153,±96,,±17,±35,±25,±91,±96,±59,±88,,±891,±161,±77,±429,±213,±673,,"±1,327",±444,±363,±568,±452,±333,±948,±628,"±1,226","±1,085",,"±1,474",±259,,"±1,767",±493,±577,±52,"±1,408",±394,±406,±288,,"±1,784","±1,748",±747,±746,±654,±550,±371,±428,±334,,"±1,766","±1,354","±1,330","±1,086",±728,±192,"±1,181",,"±1,181",±605,±898,,"±1,224",±192,±133,±152,"±1,181",±860,±869,,"±1,181",±537,±741,±36,±58,±695,±95,,"±1,752",±970,"±1,610",±939,"±1,334",±679,±563,±69,±942,±629,±268,±23,,"±1,766",±510,±183,±68,±68,±157,±209,±30,±3,±182,±194,±89,±234,±133,±25,±65,±108,±87,±330,±50,±68,±25,±130,±72,±25,±216,±95,±73,,±716,±705,±695
    Percent,,13180,0.233,0.068,0.113,0.023,0.379,0.006,0.318,0.023,0.274,0.025,0.183,0.041,0.137,0.141,(X),(X),,24917,0.529,0.123,0.06,0.177,0.061,0.05,,12228,0.614,0.306,0.013,0.002,0.066,10151,0.505,0.334,0.019,0.059,0.082,,321,0.15,(X),(X),(X),(X),(X),,406,0.261,,0.022,0.059,0,0.18,106,0.717,0.623,,6100,0.035,0.024,0.272,0.112,0.557,,18769,0.137,0.077,0.133,0.119,0.055,0.307,0.171,0.786,0.478,,21941,0.018,,25249,0.107,3316,0.023,19474,0.088,2459,0.37,,24901,0.79,0.21,0.189,0.116,0.073,0.029,0.044,0.021,,25257,0.558,0.54,0.366,0.174,0.019,0.442,,11153,0.374,0.626,,11624,471,0.325,0.675,11153,0.294,0.706,,11153,0.065,0.427,0.002,0.003,0.491,0.011,,24407,0.341,0.659,0.29,0.396,0.181,0.04,0.004,0.213,0.105,0.01,0.001,,25257,0.065,0.008,0.002,0.002,0.023,0.021,0.004,0,0.034,0.011,0.002,0.022,0.01,0,0.003,0.007,0.003,0.013,0.002,0.004,0,0.005,0.003,0,0.005,0.003,0.003,,13180,0.957,0.865
    Percent Margin of Error,,(X),±3.6,±1.6,±2.8,±1.4,±4.3,±0.5,±3.9,±1.2,±4.6,±1.1,±4.0,±1.5,±2.2,±2.1,(X),(X),,(X),±2.1,±1.8,±1.4,±2.3,±1.5,±1.6,,(X),±4.5,±3.9,±0.8,±0.2,±2.2,(X),±5.0,±4.7,±0.7,±1.8,±2.2,,(X),±15.8,(X),(X),(X),(X),(X),,(X),±19.2,,±4.4,±8.3,±9.9,±19.9,(X),±25.7,±43.3,,(X),±2.7,±1.3,±5.5,±3.1,±7.1,,(X),±2.2,±1.9,±2.8,±2.3,±1.8,±4.1,±3.2,±2.8,±4.2,,(X),±1.1,,(X),±1.8,(X),±1.6,(X),±1.9,(X),±9.8,,(X),±3.0,±3.0,±3.1,±2.6,±2.2,±1.5,±1.8,±1.3,,(X),±3.6,±3.6,±3.1,±2.8,±0.7,±3.6,,(X),±4.0,±4.0,,(X),(X),±23.0,±23.0,(X),±6.0,±6.0,,(X),±4.6,±4.4,±0.3,±0.5,±5.1,±0.9,,(X),±3.7,±3.7,±2.9,±4.0,±2.3,±2.3,±0.3,±3.5,±2.4,±1.1,±0.1,,(X),±1.9,±0.7,±0.3,±0.3,±0.6,±0.8,±0.1,±0.1,±0.7,±0.8,±0.4,±1.0,±0.5,±0.2,±0.3,±0.4,±0.3,±1.3,±0.2,±0.3,±0.2,±0.5,±0.3,±0.2,±0.9,±0.4,±0.3,,(X),±1.5,±3.4
ZCTA5 90016,,,,,,,,,,,,,,,,,,,,,,,,,,,,,,,,,,,,,,,,,,,,,,,,,,,,,,,,,,,,,,,,,,,,,,,,,,,,,,,,,,,,,,,,,,,,,,,,,,,,,,,,,,,,,,,,,,,,,,,,,,,,,,,,,,,,,,,,,,,,,,,,,,,,,,,,,,,,,,,,,,,,,,,,,,,,
    Estimate,,17844,5481,2200,1295,399,4477,130,2783,598,6591,1281,2808,997,4707,4786,2.57,3.34,,45816,17844,5430,1316,13485,5240,2501,,18890,9979,6624,502,413,1372,19600,9691,6073,673,1312,1851,,419,137,17,34,20,31,41,,885,178,,0,18,6,154,178,122,103,,9801,392,425,4204,1972,2808,,33413,4290,2730,6994,6370,2357,7548,3124,26393,10672,,36857,907,,46050,4513,9245,363,30864,2135,5941,2015,,45694,41407,4287,4084,3239,845,363,482,203,,46102,32148,31634,23678,7956,514,13954,,13954,6325,7629,,14468,514,243,271,13954,2459,11495,,13954,374,931,843,190,11495,121,,43979,20492,23487,9295,20647,8757,882,135,848,238,1110,165,,46102,1546,70,33,28,48,775,270,6,1032,26,47,1118,418,52,213,311,88,440,142,199,2,2683,89,34,71,10,865,,17844,17168,16284
    Margin of Error,,±760,±455,±299,±291,±144,±557,±84,±483,±188,±603,±409,±345,±197,±573,±409,±0.10,±0.12,,"±2,411",±760,±441,±290,"±1,434",±886,±509,,"±1,032",±896,±484,±219,±140,±295,"±1,229","±1,057",±463,±244,±275,±343,,±148,±88,±11,±12,±29,±16,±20,,±232,±127,,±29,±21,±12,±129,±127,±76,±123,,"±1,106",±165,±147,±879,±304,±415,,"±1,600",±493,±482,"±1,075",±757,±489,±748,±452,"±1,593",±825,,"±1,777",±243,,"±2,411",±467,"±1,163",±146,"±1,689",±377,±491,±304,,"±2,411","±2,290",±780,±757,±756,±312,±156,±219,±116,,"±2,411","±2,153","±2,147","±1,986",±701,±215,"±1,224",,"±1,224",±631,"±1,134",,"±1,228",±215,±179,±134,"±1,224",±670,±880,,"±1,224",±173,±229,±284,±226,"±1,109",±101,,"±2,330","±1,357","±2,116","±1,034","±2,004","±1,032",±298,±103,±237,±104,±456,±83,,"±2,411",±423,±62,±32,±36,±53,±218,±118,±10,±311,±27,±51,±309,±146,±51,±112,±127,±57,±202,±135,±88,±8,±960,±62,±35,±49,±15,±352,,±760,±814,±854
    Percent,,17844,0.307,0.123,0.073,0.022,0.251,0.007,0.156,0.034,0.369,0.072,0.157,0.056,0.264,0.268,(X),(X),,45816,0.389,0.119,0.029,0.294,0.114,0.055,,18890,0.528,0.351,0.027,0.022,0.073,19600,0.494,0.31,0.034,0.067,0.094,,419,0.327,(X),(X),(X),(X),(X),,885,0.201,,0,0.02,0.007,0.174,178,0.685,0.579,,9801,0.04,0.043,0.429,0.201,0.287,,33413,0.128,0.082,0.209,0.191,0.071,0.226,0.093,0.79,0.319,,36857,0.025,,46050,0.098,9245,0.039,30864,0.069,5941,0.339,,45694,0.906,0.094,0.089,0.071,0.018,0.008,0.011,0.004,,46102,0.697,0.686,0.514,0.173,0.011,0.303,,13954,0.453,0.547,,14468,514,0.473,0.527,13954,0.176,0.824,,13954,0.027,0.067,0.06,0.014,0.824,0.009,,43979,0.466,0.534,0.211,0.469,0.199,0.02,0.003,0.019,0.005,0.025,0.004,,46102,0.034,0.002,0.001,0.001,0.001,0.017,0.006,0,0.022,0.001,0.001,0.024,0.009,0.001,0.005,0.007,0.002,0.01,0.003,0.004,0,0.058,0.002,0.001,0.002,0,0.019,,17844,0.962,0.913
    Percent Margin of Error,,(X),±2.6,±1.7,±1.6,±0.8,±2.9,±0.5,±2.5,±1.1,±2.6,±2.2,±1.9,±1.1,±3.0,±2.3,(X),(X),,(X),±1.5,±0.9,±0.6,±2.1,±1.8,±1.1,,(X),±2.7,±2.6,±1.2,±0.7,±1.5,(X),±3.3,±2.3,±1.2,±1.4,±1.7,,(X),±18.3,(X),(X),(X),(X),(X),,(X),±12.5,,±4.7,±2.4,±1.4,±12.8,(X),±15.5,±36.2,,(X),±1.6,±1.5,±5.3,±3.2,±4.1,,(X),±1.5,±1.4,±2.7,±2.1,±1.4,±2.1,±1.4,±2.1,±2.4,,(X),±0.7,,(X),±1.1,(X),±1.6,(X),±1.2,(X),±4.8,,(X),±1.6,±1.6,±1.6,±1.6,±0.7,±0.3,±0.5,±0.3,,(X),±2.4,±2.4,±2.6,±1.5,±0.5,±2.4,,(X),±4.7,±4.7,,(X),(X),±22.6,±22.6,(X),±3.9,±3.9,,(X),±1.2,±1.7,±2.0,±1.6,±3.5,±0.7,,(X),±3.0,±3.0,±2.2,±3.0,±2.2,±0.7,±0.2,±0.5,±0.2,±1.0,±0.2,,(X),±0.9,±0.1,±0.1,±0.1,±0.1,±0.5,±0.3,±0.1,±0.7,±0.1,±0.1,±0.7,±0.3,±0.1,±0.2,±0.3,±0.1,±0.4,±0.3,±0.2,±0.1,±2.0,±0.1,±0.1,±0.1,±0.1,±0.8,,(X),±1.2,±1.8
